Workbook

Sheet DATA
A1: DATA PENDIDIK DAN TENAGA KEPENDIDIKAN
A2: SMA NEGERI I BATU
A3: TAHUN 2022
A5: NO | B5: N A M A | C5: TEMPAT, TANGGAL LAHIR | D5: JENIS KEL. | G5: NIP TANPA SPASI | H5: NIP | I5: STATUS KEPEG. | J5: PANGKAT | O5: TMT CPNS/ PENGANGKA TAN I | P5: MASA KERJA | V5: JENJANG PEND. | W5: JURUSAN | X5: TAHUN LULUS | Y5: CATATAN | AA5: KELAS JABATAN / MAPEL YANG DIAMPU | AB5: NUPTK | AE5: MASA PENSIUN | AG5: No Peserta Sertifikasi Pendidik | AH5: Tanggal Sertifikasi Pendidik | AI5: NRG | AJ5: Agama | AK5: Alamat Jalan | AL5: RT | AM5: RW | AN5: Nama Dusun | AO5: Desa/Kelurahan | AP5: Kecamatan | AQ5: Kode Pos | AR5: Nomor HP | AS5: Email | AT5: NO. SK CPNS | AU5: Tanggal CPNS | AV5: TMT CPNS | AW5: SK PNS | AX5: TANGGAL PNS | AY5: TMT PNS | AZ5: Lembaga Pengangkatan | BA5: NO. SK TERAKHIR | BB5: Tanggal SK TERAKHIR | BC5: TMT SK TERAKHIR | BD5: Lembaga Pengangkatan | BE5: Golongan | BF5: No. SK Jab. Fungsional | BG5: Tgl. SK Jab. Fungsional | BH5: Nama Ibu Kandung | BI5: Status Perkawinan | BJ5: Nama Suami/Istri | BK5: NIP Suami/Istri | BL5: Pekerjaan Suami/Istri | BM5: Sudah Lisensi Kepala Sekolah | BN5: NPWP | BO5: Nomor Rekening Bank Jatim | BP5: Nomor KTP | BQ5: Nomor HP | BR5: Tanda Penghargaan Satya Lencana (terakhir)
J6: PANG/GOL | K6: GOL | L6: TMT GOL. | M6: MASA KERJA | P6: CPNS | R6: GOLONGAN | T6: SELURUHNYA | Y6: MUTASI | Z6: K E T | AD6: LAHIR | AE6: BLN | AF6: THN | BV6: TAHUN 2021/2022
E7: L | F7: P | M7: THN | N7: BLN | P7: THN | Q7: BLN | R7: THN | S7: BLN | T7: THN | U7: BLN | AC7: bln | AD7: thn | BR7: Nomor | BS7: Tanggal | BT7: Yang ke | BV7: Maker Gol | BX7: Maker Kesel | BY7: Sertifikat Pendidik
A8: 1 | B8: Edy Parlindungan.S.Pd,M.M | C8: Maga, 26 Maret 1963 | E8: 1 | G8: 19630326 1989031007 | H8: 19630326 1989031007 | I8: PNS | J8: Pembina Tingkat I | K8: IV/b | L8: 41365 | T8: 36 | U8: 8 | V8: S2 | X8: 2009 | AA8: PENDIDIKAN IPS | AB8: 4658741642200020 | AE8: 45017 | AF8: 2023 | AJ8: Islam | AK8: Jl. K.H. Wahid Hasyim | AL8: 9 | AM8: 3 | AO8: Gading | AP8: Bululawang | AQ8: 65171 | AR8: 08125212894
A9: 2 | B9: Ismi Yunaeni, S.Pd, M.Pd | C9: Jember,02-06-1961 | D9: P | F9: 1 | G9: 196106021985122002 | H9: 19610602 198512 2 002 | I9: PNS | J9: Pembina Tk. I, IV/b | K9: IV/b | L9: 01/04/2011 | O9: 01/12/1985 | P9: 3 | Q9: 0 | R9: 32 | S9: 7 | T9: 37 | U9: 7 | V9: S2 | X9: 2003 | Z9: MKG III/a - 1 thn | AA9: Biologi | AB9: 1934739655300002 | AC9: =MID(G9,5,2) -> 06 | AD9: =MID(G9,1,4) -> 1961 | AE9: 01/07/2021 | AF9: =AD9+60 -> 2021 | AG9: 08056819010176 | AH9: 09/12/2008 | AI9: 083429053009 | AJ9: Islam | AK9: Jl. Dewi Sartika III No. 40 Temas Batu | AL9: 2 | AM9: 10 | AN9: Temas | AO9: TEMAS | AP9: Kec. Batu | AQ9: 65315 | AR9: 085233466914 | AS9: ismiyunaeni61@gmail.com | AT9: 2242/104.3/c9.86/sk | AU9: 20 Februari 1986 | AV9: 01/12/1985 | AW9: 15875.118/I04/c/1987/SK | AX9: 30 Nopember 1987 | AY9: 01/12/1987 | AZ9: Pemerintah Propinsi | BA9: 823.4/493/212/2011 | BB9: 17 Februari 2011 | BC9: 01/04/2011 | BD9: Pemerintah Kota Batu | BE9: =K9 -> IV/b | BF9: 821.2/2379/204/2018 | BG9: 23 Oktober 2018 | BH9: - | BI9: Kawin | BJ9: R. Muhammad Zakaria | BK9: 195904071985031016 | BL9: PNS/TNI/Polri | BM9: Tidak | BN9: 486360837628000 | BO9: 0402142782 | BP9: 3579014206610002 | BQ9: 085233466914 | BV9: =R9+1 -> 33 | BX9: =T9+1 -> 38
A10: 3 | B10: Lilik Ismiati, M.Pd | C10: Malang, 26-07-1963 | D10: P | F10: 1 | G10: 196307261987032007 | H10: 19630726 198703 2 007 | I10: PNS | J10: Pembina Tk. I, IV/b | K10: IV/b | L10: 01/04/2014 | O10: 01/03/1987 | P10: 3 | Q10: 0 | R10: 31 | S10: 4 | T10: 36 | U10: 4 | V10: S2 | X10: 2011 | AA10: Biologi | AB10: 7058741643300043 | AC10: =MID(G10,5,2) -> 07 | AD10: =MID(G10,1,4) -> 1963 | AE10: 01/08/2023 | AF10: =AD10+60 -> 2023 | AG10: 09056819010168 | AH10: 27/07/2009 | AI10: 092538382009 | AJ10: Islam | AK10: Jl. Darsono Barat 19 Ngaglik Batu | AL10: 2 | AM10: 9 | AN10: Ngaglik | AO10: Ngaglik | AP10: Kec. Batu | AQ10: 65311 | AR10: 081931853666 | AS10: ismi_lilik@yahoo.com | AT10: 4935/I04/C/1987/SK | AU10: 21 Mei 1987 | AV10: 01/03/1987 | AW10: 24022/I04/C/88/SK | AX10: 17 Nopember 1988 | AY10: 01/12/1988 | AZ10: Pemerintah Pusat | BA10: 823.4/216/212/2014 | BB10: 12 Februari 2014 | BC10: 01/04/2014 | BD10: Pemerintah Kota Batu | BE10: =K10 -> IV/b | BF10: 821.2/2379/204/2018 | BG10: 23 Oktober 2018 | BH10: Nafiah | BI10: Kawin | BJ10: Sutrisno | BL10: PNS/TNI/Polri | BM10: Tidak | BN10: 486370042628000 | BO10: 0402115041 | BP10: 3579016607630001 | BQ10: 081335896486 | BV10: =R10+1 -> 32 | BX10: =T10+1 -> 37
A11: 4 | B11: Dra. Nurhidayati, Sh, M.Pd. | C11: Tulung Agung,18-9-1965 | D11: P | F11: 1 | G11: 196509181988032007 | H11: 19650918 198803 2 007 | I11: PNS | J11: Pembina Tk. I, IV/b | K11: IV/b | L11: 01/10/2013 | O11: 01/03/1988 | P11: 3 | Q11: 0 | R11: 30 | S11: 4 | T11: 35 | U11: 4 | V11: S2 | X11: 2018 | AA11: Sejarah | AB11: 3650743645300012 | AC11: =MID(G11,5,2) -> 09 | AD11: =MID(G11,1,4) -> 1965 | AE11: 01/10/2025 | AF11: =AD11+60 -> 2025 | AG11: 08056820410183 | AH11: 09/12/2008 | AI11: 085026067006 | AJ11: Islam | AK11: Jalan Cempaka No 35 RT. 03 / RW 05 Pesanggrahan Batu | AL11: 3 | AM11: 5 | AN11: Pesanggrahan | AO11: Pesanggrahan | AP11: Kec. Batu | AQ11: 65313 | AR11: 081131935878 | AS11: nurhidayatiedi@yahoo.com | AT11: 6842/104/c/1988/sk | AU11: 15 Juni 1988 | AV11: 01/03/1988 | AW11: 5421/I04/C/89/SK | AX11: 25 Maret 1989 | AY11: 01/04/1989 | AZ11: Pemerintah Pusat | BA11: 823.4/1905/212/2013 | BB11: 26 Agustus 2013 | BC11: 01/10/2013 | BD11: Pemerintah Kota Batu | BE11: =K11 -> IV/b | BF11: 821.2/2379/204/2018 | BG11: 23 Oktober 2018 | BH11: - | BI11: Kawin | BJ11: Dr. H. Edi Suhartono | BK11: 196110405198601100 | BL11: PNS/TNI/Polri | BM11: Tidak | BN11: 570732065628000 | BO11: 0402142669 | BP11: 3579015809650002 | BQ11: 08125992987 | BV11: =R11+1 -> 31 | BX11: =T11+1 -> 36
A12: 5 | B12: Drs. Sugiardi, M.M. | C12: Malang,24-06-1964 | D12: L | E12: 1 | G12: 196406241995121002 | H12: 19640624 199512 1 002 | I12: PNS | J12: Pembina Tk. I, IV/b | K12: IV/b | L12: 01/04/2019 | O12: 01/12/1995 | P12: 0 | Q12: 0 | R12: 25 | S12: 4 | T12: 25 | U12: 7 | V12: S2 | X12: 2007 | AA12: Fisika | AB12: 8956742644200022 | AC12: =MID(G12,5,2) -> 06 | AD12: =MID(G12,1,4) -> 1964 | AE12: 01/07/2024 | AF12: =AD12+60 -> 2024 | AG12: 09056818410191 | AH12: 27/07/2009 | AI12: 092437887007 | AJ12: Islam | AK12: Ir. Sukarno 149 Kel. Dadaprejo RT. 004 / RW. 008 Junrejo Batu | AL12: 4 | AM12: 8 | AO12: Dadap Rejo | AP12: Kec. Junrejo | AQ12: 65323 | AR12: 081333131509 | AS12: ardyerlina9@gmail.com | AT12: 79500/A2/KP/1995 | AU12: 1 Desember 1995 | AV12: 01/12/1995 | AW12: 74090/I04.3/KP/1997 | AX12: 31 Juni 1997 | AY12: 01/07/1997 | AZ12: Pemerintah Pusat | BA12: 823.4/935/204/2019 | BB12: 27 Februari 2019 | BC12: 01/04/2019 | BD12: Gubernur Jawa Timur | BE12: =K12 -> IV/b | BF12: 821.2/2380/204/2018 | BG12: 24 Oktober 2018 | BH12: Kariumi | BI12: Kawin | BJ12: Yayuk Yales Priyati | BL12: PNS/TNI/Polri | BM12: Tidak | BN12: 474677341628000 | BO12: 0402104309 | BP12: 3579032406640002 | BQ12: 081333131509 | BV12: =R12+1 -> 26 | BX12: =T12+1 -> 26
A13: 6 | B13: Sri Wati, S.Pd, M.M. | C13: Malang,19-04-1964 | D13: P | F13: 1 | G13: 196404191984122005 | H13: 19640419 198412 2 005 | I13: PNS | J13: Pembina, IV/a | K13: IV/a | L13: 01/10/2005 | O13: 01/12/1984 | P13: 3 | Q13: 0 | R13: 33 | S13: 6 | T13: 38 | U13: 7 | V13: S2 | X13: 2005 | AA13: Matematika | AB13: 3748742642300012 | AC13: =MID(G13,5,2) -> 04 | AD13: =MID(G13,1,4) -> 1964 | AE13: 01/05/2024 | AF13: =AD13+60 -> 2024 | AG13: 08056818010173 | AH13: 09/12/2008 | AI13: 084827056010 | AJ13: Islam | AK13: Jl. Imam Bonjol IV/14 RT. 01 / RW. 01 Sisir Batu | AL13: 1 | AM13: 1 | AO13: Sisir | AP13: Kec. Batu | AQ13: 65315 | AR13: 081805145245 | AS13: sriwatibatu1964@gmail.com | AT13: 2769/104.3.1/c9.85/sk | AU13: 19 Februari 1985 | AV13: 01/12/1984 | AW13: 19278/104/C/86/SK | AX13: 31 Oktober 1986 | AY13: 01/11/1986 | AZ13: Pemerintah Pusat | BA13: 823.4/1149/042/2005 | BB13: 1 September 2005 | BC13: 01/10/2005 | BD13: Pemerintah Kota Batu | BE13: =K13 -> IV/a | BF13: 821.2/2396/204/2018 | BG13: 24 Oktober 2018 | BH13: Sudarni | BI13: Kawin | BJ13: Abu Sufyan | BL13: PNS/TNI/Polri | BM13: Tidak | BN13: 570732107628000 | BO13: 0402023899 | BP13: 3579015900464000 | BQ13: 081805145245 | BV13: =R13+1 -> 34 | BX13: =T13+1 -> 39
A14: 7 | B14: Amantho, S.Pd | C14: Banyuwangi, 15-03-1962 | D14: L | E14: 1 | G14: 196203151985111002 | H14: 19620315 198511 1 002 | I14: PNS | J14: Pembina, IV/a | K14: IV/a | L14: 01/04/2005 | O14: 01/11/1985 | P14: 3 | Q14: 0 | R14: 32 | S14: 8 | T14: 37 | U14: 8 | V14: S1 | X14: 1997 | AA14: Geografi | AB14: 1835740641200003 | AC14: =MID(G14,5,2) -> 03 | AD14: =MID(G14,1,4) -> 1962 | AE14: 01/04/2022 | AF14: =AD14+60 -> 2022 | AG14: 09056820710167 | AH14: 27/07/2009 | AI14: 091986377013 | AJ14: Islam | AK14: Jl. Wurian No. 5 RT. 18 / RW. 04 Girimoyo Karangploso Malang | AL14: 18 | AM14: 4 | AN14: Ngambon | AO14: Girimoyo | AP14: Kec. Karangploso | AQ14: 65152 | AR14: 081555786633 | AS14: amantho@gmail.com | AT14: 3865/A2.IV.I/C/1986 | AU14: 11 Januari 1986 | AV14: 01/11/1985 | AW14: 2000/KEP/C-1/1988 | AX14: 31 Agustus 1988 | AY14: 01/09/1988 | AZ14: Pemerintah Pusat | BA14: 823.4/345/042/2005 | BB14: 7 Februari 2005 | BC14: 01/04/2005 | BD14: Pemerintah Kota Batu | BE14: =K14 -> IV/a | BF14: 821.2/2396/204/2018 | BG14: 24 Oktober 2018 | BH14: Tunik | BI14: Kawin | BJ14: Chusnul Cotimah | BK14: 196803111985032003 | BL14: PNS/TNI/Polri | BM14: Tidak | BN14: 570731984557000 | BO14: 0402024062 | BP14: 3507231503620002 | BQ14: 081555786633 | BV14: =R14+1 -> 33 | BX14: =T14+1 -> 38
A15: 8 | B15: Yayuk Harumiwati, S.Pd | C15: Malang,07-11-1961 | D15: P | F15: 1 | G15: 196111071985122002 | H15: 19611107 198512 2 002 | I15: PNS | J15: Pembina, IV/a | K15: IV/a | L15: 01/04/2006 | O15: 01/12/1985 | P15: 3 | Q15: 0 | R15: 32 | S15: 7 | T15: 37 | U15: 7 | V15: S1 | X15: 1997 | AA15: Sosiologi | AB15: 1439739614300003 | AC15: =MID(G15,5,2) -> 11 | AD15: =MID(G15,1,4) -> 1961 | AE15: 01/12/2021 | AF15: =AD15+60 -> 2021 | AG15: 08056821410174 | AH15: 31/12/2008 | AI15: 083934054018 | AJ15: Islam | AK15: Jl. Sumbersari 292 Malang | AL15: 9 | AM15: 1 | AN15: - | AO15: Kelurahan Sumbersari | AP15: Kec. Lowokwaru | AQ15: 65145 | AR15: 081216467799 | AS15: yayukharumiwati@yahoo.id.co | AT15: 2353/104.3/C9.86/SK | AU15: 20 Februari 1986 | AV15: 01/12/1985 | AW15: 15875.60/104/C/87/SK | AX15: 30 Nopember 1987 | AY15: 01/12/1987 | AZ15: Pemerintah Pusat | BA15: 823.4/66/042/2006 | BB15: 27 Februari 2006 | BC15: 01/04/2006 | BD15: Pemerintah Kota Batu | BE15: =K15 -> IV/a | BF15: 821.2/2380/204/2018 | BG15: 24 Oktober 2018 | BH15: - | BI15: Janda/Duda | BJ15: -- | BL15: Tidak bekerja | BM15: Tidak | BN15: 486370026628000 | BO15: 0402055219 | BP15: 3573054711610000 | BQ15: 081937944489 | BV15: =R15+1 -> 33 | BX15: =T15+1 -> 38
A16: 9 | B16: Ninil Agus Triastuti, S.Pd | C16: Malang,11-08-1963 | D16: P | F16: 1 | G16: 196308111985122002 | H16: 19630811 198512 2 002 | I16: PNS | J16: Pembina, IV/a | K16: IV/a | L16: 01/04/2006 | O16: 01/12/1985 | P16: 3 | Q16: 0 | R16: 32 | S16: 7 | T16: 37 | U16: 7 | V16: S1 | X16: 1998 | AA16: Bahasa Inggris | AB16: 0143741642300063 | AC16: =MID(G16,5,2) -> 08 | AD16: =MID(G16,1,4) -> 1963 | AE16: 01/09/2023 | AF16: =AD16+60 -> 2023 | AG16: 08056815710175 | AH16: 09/12/2008 | AI16: 084331055011 | AJ16: Islam | AK16: Jl. Seruni 14 RT. 03 / RW. 04 Mulyoagung Dau Malang | AL16: 3 | AM16: 4 | AN16: Mulyoagung | AO16: Mulyoagung | AP16: Kec. Dau | AQ16: 65151 | AR16: 081330007282 | AS16: ninil.trias@gmail.com | AT16: 2346/104.3/0986/sk | AU16: 20 Februari 1986 | AV16: 01/12/1985 | AW16: 14805/I04/C/87/SK | AX16: 25 Nopember 1987 | AY16: 01/12/1986 | AZ16: Pemerintah Pusat | BA16: 823.4/66/042/2006 | BB16: 27 Februari 2006 | BC16: 01/04/2006 | BD16: Pemerintah Kota Batu | BE16: =K16 -> IV/a | BF16: 821.2/2396/204/2018 | BG16: 24 Oktober 2018 | BH16: - | BI16: Kawin | BJ16: Agus Sutrisno | BL16: Wiraswasta | BM16: Tidak | BN16: 486370034657000 | BO16: 0402115009 | BP16: 3507225108630004 | BQ16: 081330007282 | BV16: =R16+1 -> 33 | BX16: =T16+1 -> 38
A17: 10 | B17: Dra. Amalia Ujinastiti | C17: Yogyakarta, 29-5-1962 | D17: P | F17: 1 | G17: 196205291989032004 | H17: 19620529 198903 2 004 | I17: PNS | J17: Pembina, IV/a | K17: IV/a | L17: 01/04/2002 | O17: 01/03/1989 | P17: 0 | Q17: 0 | R17: 31 | S17: 4 | T17: 31 | U17: 4 | V17: S1 | X17: 1987 | AA17: Kimia | AB17: 1861740641300032 | AC17: =MID(G17,5,2) -> 05 | AD17: =MID(G17,1,4) -> 1962 | AE17: 01/06/2022 | AF17: =AD17+60 -> 2022 | AG17: 08056818710190 | AH17: 09/12/2008 | AI17: 086128054003 | AJ17: Islam | AK17: Villa Sengkaling , Jl. Taman Sengkaling XII / N - 78 | AL17: 3 | AM17: 3 | AN17: Mulyoagung | AO17: Mulyoagung | AP17: Kec. Dau | AQ17: 65151 | AR17: 08123322814 | AS17: ajinastiti@gmail.com | AT17: 11205/I04/c/89/sk | AU17: 16 Juni 1989 | AV17: 01/03/1989 | AW17: 3144/I04/C/90/SK | AX17: 30 Maret 1990 | AY17: 01/04/1990 | AZ17: Pemerintah Pusat | BA17: 823.4/352/422.015/2002 | BB17: 30 Juli 2002 | BC17: 01/04/2002 | BD17: Pemerintah Kota Batu | BE17: =K17 -> IV/a | BF17: 821.2/2380/204/2018 | BG17: 24 Oktober 2018 | BH17: - | BI17: Kawin | BJ17: Iman Kuswahyono | BK17: 195710211986011002 | BL17: PNS/TNI/Polri | BM17: Tidak | BN17: 486370000657000 | BO17: 0402126710 | BP17: 3507226905620003 | BQ17: 08123322814 | BV17: =R17+1 -> 32 | BX17: =T17+1 -> 32
A18: 11 | B18: Dra. Shofiyatuz Zahra | C18: Nganjuk,12-12-1961 | D18: P | F18: 1 | G18: 196112121989022003 | H18: 19611212 198902 2 003 | I18: PNS | J18: Pembina, IV/a | K18: IV/a | L18: 01/04/2005 | O18: 01/02/1989 | P18: 0 | Q18: 0 | R18: 31 | S18: 5 | T18: 31 | U18: 5 | V18: S1 | X18: 1982 | AA18: Bahasa Indonesia | AB18: 9544739640300073 | AC18: =MID(G18,5,2) -> 12 | AD18: =MID(G18,1,4) -> 1961 | AE18: 01/01/2022 | AF18: =AD18+60+1 -> 2022 | AG18: 08056815610188 | AH18: 31/12/2008 | AI18: 084435053060 | AJ18: Islam | AK18: Jl. Imam bonjol V no 20 RT. 01 / RW. 01 Sisir Batu | AL18: 1 | AM18: 1 | AN18: Sisir | AO18: Sisir | AP18: Kec. Batu | AQ18: 65314 | AR18: 08123300782 | AS18: shofizahra@hotmail.com | AT18: 5606/104/c/89/sk | AU18: 27 Maret 1989 | AV18: 01/02/1989 | AW18: 4504/104/C/90/Sk | AX18: 30 April 1990 | AY18: 01/05/1990 | AZ18: Pemerintah Pusat | BA18: 823.4/345/042/2005, | BB18: 823.4/345/042/2005, | BC18: 01/04/2005 | BD18: Pemerintah Kota Batu | BE18: =K18 -> IV/a | BF18: 821.2/2381/204/2018 | BG18: 24 Oktober 2018 | BH18: - | BI18: Kawin | BJ18: Didik Supriadi | BK18: 196410131990101001 | BL18: PNS/TNI/Polri | BM18: Tidak | BN18: 570732073628000 | BO18: 0402040777 | BP18: 3579015212610001 | BQ18: 081334336333 | BV18: =R18+1 -> 32 | BX18: =T18+1 -> 32
A19: 12 | B19: Mudrikah Hayati, S.Pd | C19: Blitar,22-06-1963 | D19: P | F19: 1 | G19: 196306221987032006 | H19: 19630622 198703 2 006 | I19: PNS | J19: Pembina, IV/a | K19: IV/a | L19: 01/04/2006 | O19: 01/03/1987 | P19: 3 | Q19: 0 | R19: 31 | S19: 4 | T19: 36 | U19: 4 | V19: S1 | X19: 1998 | AA19: Bahasa Indonesia | AB19: 2954741642300042 | AC19: =MID(G19,5,2) -> 06 | AD19: =MID(G19,1,4) -> 1963 | AE19: 01/07/2023 | AF19: =AD19+60 -> 2023 | AG19: 08056815610179 | AH19: 31/12/2008 | AI19: 085429055019 | AJ19: Islam | AK19: Perumahan Griya Sampurna Sejahtera A2/04 Ampeldento Malang | AL19: 33 | AM19: 11 | AN19: Ampeldento | AO19: Ampeldento | AP19: Kec. Karangploso | AQ19: 65152 | AR19: 08123398624 | AS19: you_mud@yahoo.com | AT19: 3470/104/c/87/sk | AU19: 1 Mei 1987 | AV19: 01/03/1987 | AW19: 25980/I04/C/88/Sk | AX19: 15 Desember 1988 | AY19: 01/01/1989 | AZ19: Pemerintah Pusat | BA19: 823.4/66/042/2006 | BB19: 27 Februari 2006 | BC19: 01/04/2006 | BD19: Pemerintah Kota Batu | BE19: =K19 -> IV/a | BF19: 821.2/2396/204/2018 | BG19: 24 Oktober 2018 | BH19: - | BI19: Janda/Duda | BJ19: -- | BL19: Tidak bekerja | BM19: Tidak | BN19: 486360886657000 | BO19: 0402066466 | BP19: 3507236206630001 | BQ19: 08123398624 | BV19: =R19+1 -> 32 | BX19: =T19+1 -> 37
A20: 13 | B20: Tri Sakti Andayani. M.Pd | C20: Trenggalek,26-8-1965 | D20: P | F20: 1 | G20: 196508261988032015 | H20: 19650826 198803 2 015 | I20: PNS | J20: Pembina, IV/a | K20: IV/a | L20: 01/04/2005 | O20: 01/03/1988 | P20: 3 | Q20: 0 | R20: 30 | S20: 4 | T20: 35 | U20: 4 | V20: S2 | X20: 2012 | AA20: Biologi | AB20: 6158743644300023 | AC20: =MID(G20,5,2) -> 08 | AD20: =MID(G20,1,4) -> 1965 | AE20: 01/09/2025 | AF20: =AD20+60 -> 2025 | AG20: 08056819010184 | AH20: 09/12/2008 | AI20: 085831057006 | AJ20: Islam | AK20: Jl. Ir. Soekarno NO. 127 Beji Junrejo Batu | AL20: 4 | AM20: 5 | AN20: Beji | AO20: Beji | AP20: Kec. Junrejo | AQ20: 66326 | AR20: 0818387274 | AS20: trisaktiandayani@yahoo.com | AT20: 7068/104/c/1988/sk | AU20: 15 Juni 1988 | AV20: 01/03/1988 | AW20: 6849/I04/C/1989/SK | AX20: 12 April 1989 | AY20: 01/05/1989 | AZ20: Pemerintah Pusat | BA20: 823.4/345/042/2005 | BB20: 7 Februari 2005 | BC20: 01/04/2005 | BD20: Pemerintah Kota Batu | BE20: =K20 -> IV/a | BF20: 821.2/2380/204/2018 | BG20: 24 Oktober 2018 | BH20: - | BI20: Belum Kawin | BJ20: -- | BL20: Tidak bekerja | BM20: Tidak | BN20: 474677275628000 | BO20: 0402115025 | BP20: 3579036608650001 | BQ20: 085101777511 | BV20: =R20+1 -> 31 | BX20: =T20+1 -> 36
A21: 14 | B21: Drs. Sugeng Harianto | C21: Malang, 31-7-1962 | D21: L | E21: 1 | G21: 196207311990031003 | H21: 19620731 199003 1 003 | I21: PNS | J21: Pembina, IV/a | K21: IV/a | L21: 01/04/2007 | O21: 01/03/1990 | P21: 0 | Q21: 0 | R21: 30 | S21: 4 | T21: 30 | U21: 4 | V21: S1 | X21: 1989 | AA21: Pend. Agama Islam | AB21: 1063740646200003 | AC21: =MID(G21,5,2) -> 07 | AD21: =MID(G21,1,4) -> 1962 | AE21: 01/08/2022 | AF21: =AD21+60 -> 2022 | AG21: 09056812720024 | AH21: 15/12/2009 | AI21: 091588387022 | AJ21: Islam | AK21: Pinang Sepuluh N0 6 RT. 01 / RW. 08 Sidomulyo Batu | AL21: 1 | AM21: 8 | AO21: Sidomulyo | AP21: Kec. Batu | AQ21: 65317 | AR21: 082234989527 | AS21: sugengtaman06@gmail.com | AT21: 8511/I04/C/90/SK | AU21: 30 Juni 1990 | AV21: 01/03/1990 | AW21: 13008/I04/C/1991/SK | AX21: 30 Oktober 1991 | AY21: 01/11/1991 | AZ21: Pemerintah Pusat | BA21: 823.4/555/042/2007 | BB21: 39199 | BC21: 01/04/2007 | BD21: Pemerintah Kota Batu | BE21: =K21 -> IV/a | BF21: 821.2/2396/204/2018 | BG21: 24 Oktober 2018 | BH21: - | BI21: Kawin | BJ21: Kurrota Akyun | BL21: Tidak bekerja | BM21: Tidak | BN21: 474677309628000 | BO21: 0402014831 | BP21: 3579013107620001 | BQ21: 082234989527 | BV21: =R21+1 -> 31 | BX21: =T21+1 -> 31
A22: 15 | B22: Yudiono, S.Pd | C22: Malang,12-09-1965 | D22: L | E22: 1 | G22: 196509121989031017 | H22: 19650912 198903 1 017 | I22: PNS | J22: Pembina, IV/a | K22: IV/a | L22: 01/04/2008 | O22: 01/03/1989 | P22: 3 | Q22: 0 | R22: 29 | S22: 4 | T22: 34 | U22: 4 | V22: S1 | X22: 1997 | AA22: Matematika | AB22: 5244743646200073 | AC22: =MID(G22,5,2) -> 09 | AD22: =MID(G22,1,4) -> 1965 | AE22: 01/10/2025 | AF22: =AD22+60 -> 2025 | AG22: 09056818010170 | AH22: 23/10/2009 | AI22: 091839392006 | AJ22: Islam | AK22: Jl. Durian 1 RT. 01 / RW. 04 Mulyoagung Dau Malang | AL22: 4 | AM22: 1 | AN22: Dermo | AO22: Mulyoagung | AP22: Kec. Dau | AQ22: 65151 | AR22: 085649508609 | AS22: yudiono1965@yahoo.co.id | AT22: 11438/104c/89/sk | AU22: 19 Juni 1989 | AV22: 01/03/1989 | AW22: 13876/I04/C/90/SK | AX22: 31 Agustus 1990 | AY22: 01/09/1990 | AZ22: Pemerintah Pusat | BA22: 823.4/224/042/2008 | BB22: 22 Februari 2008 | BC22: 01/04/2008 | BD22: Pemerintah Kota Batu | BE22: =K22 -> IV/a | BF22: 821.2/2381/204/2018 | BG22: 24 Oktober 2018 | BH22: Tuni | BI22: Kawin | BJ22: Eni Astutik | BL22: Tidak bekerja | BM22: Tidak | BN22: 474677291657000 | BO22: 0402115114 | BP22: 3507221209650001 | BQ22: 085649508609 | BV22: =R22+1 -> 30 | BX22: =T22+1 -> 35
A23: 16 | B23: Awaludin, M.Pd | C23: Ujung Pandang,15-07-1965 | D23: L | E23: 1 | G23: 196507151993031008 | H23: 19650715 199303 1 008 | I23: PNS | J23: Pembina, IV/a | K23: IV/a | L23: 01/10/2006 | O23: 01/03/1993 | P23: 0 | Q23: 0 | R23: 27 | S23: 4 | T23: 27 | U23: 4 | V23: S2 | X23: 2012 | AA23: Matematika | AB23: 5047743644200043 | AC23: =MID(G23,5,2) -> 07 | AD23: =MID(G23,1,4) -> 1965 | AE23: 01/08/2025 | AF23: =AD23+60 -> 2025 | AG23: 09056818010177 | AH23: 27/07/2009 | AI23: 091988392005 | AJ23: Islam | AK23: Jl. Dewi Sartika III B No. 15 RT. 07 / RW. 09 Temas Batu | AL23: 7 | AM23: 9 | AN23: Temas | AO23: Temas | AP23: Kec. Batu | AQ23: 65315 | AR23: 081331264099 | AS23: awaluddin418@gmail.com | AT23: 594/118.c.1/c3/1993 | AU23: 23 Juni 1993 | AV23: 01/03/1993 | AW23: 5445a/I18.c.1/C3/1994 | AX23: 30 Nopember 1994 | AY23: 01/12/1994 | AZ23: Pemerintah Pusat | BA23: 823/1315/042/2006 | BB23: 27 Desember 2006 | BC23: 01/10/2006 | BD23: Pemerintah Kota Batu | BE23: =K23 -> IV/a | BF23: 821.2/2381/204/2018 | BG23: 24 Oktober 2018 | BH23: - | BI23: Kawin | BJ23: Endang Srigati | BL23: Wiraswasta | BM23: Tidak | BN23: 570732057628000 | BO23: 0402115122 | BP23: 3579011507650001 | BQ23: 081331264099 | BV23: =R23+1 -> 28 | BX23: =T23+1 -> 28
A24: 17 | B24: Abdul Khamid, S.Pd | C24: Malang, 21-08-1969 | D24: L | E24: 1 | G24: 196908211994031005 | H24: 19690821 199403 1 005 | I24: PNS | J24: Pembina, IV/a | K24: IV/a | L24: 01/04/2011 | O24: 01/03/1994 | P24: 0 | Q24: 0 | R24: 26 | S24: 4 | T24: 26 | U24: 4 | V24: S1 | X24: 1993 | Y24: SMAN 1 NGANTANG | AA24: PKn | AB24: 9153747649200023 | AC24: =MID(G24,5,2) -> 08 | AD24: =MID(G24,1,4) -> 1969 | AE24: 01/09/2029 | AF24: =AD24+60 -> 2029 | AG24: 08051815411520 | AH24: 31/12/2008 | AI24: 085331061011 | AK24: Jl. Salak No.12 RT 02 RW 09 Binangun Bumiaji Kec.Bumiaji BatuHidayatin | AL24: 2 | AM24: 9 | AN24: Binangun | AO24: Binangun | AP24: Bumiaji | AQ24: 65331 | AR24: 085100379225 | AS24: afabdillah@gmail.com | AT24: 53588/A2.IV.1/C/1994 | AU24: 12 September 1994 | AV24: 01/03/1994 | AW24: 50330/I04.3/KP/1996 | AX24: 29 Nopember 1996 | AY24: 01/12/1996 | AZ24: Dep. P dan K Prop. Jatim | BA24: 824.3/3676.1/101.1/2017 | BB24: 824.3/3676.1/101.1/2017 | BC24: 01/04/2011 | BD24: Pemerintah Kota Batu | BE24: =K24 -> IV/a | BF24: 821.2/2381/204/2018 | BG24: 24 Oktober 2018 | BN24: 587891094628000 | BO24: 0047183511 | BP24: 3579022108690001 | BQ24: 085100379225 | BV24: =R24+1 -> 27 | BX24: =T24+1 -> 27
A25: 18 | B25: Shinta Amalia, M.Pd | C25: Bandung,20-12-1968 | D25: P | F25: 1 | G25: 196812201994122002 | H25: 19681220 199412 2 002 | I25: PNS | J25: Pembina, IV/a | K25: IV/a | L25: 01/04/2008 | O25: 01/12/1994 | P25: 0 | Q25: 0 | R25: 25 | S25: 7 | T25: 25 | U25: 7 | V25: S2 | X25: 2011 | AA25: Kimia | AB25: 6552746648300063 | AC25: =MID(G25,5,2) -> 12 | AD25: =MID(G25,1,4) -> 1968 | AE25: 01/01/2029 | AF25: =AD25+60+1 -> 2029 | AG25: 09056818710186 | AH25: 23/10/2009 | AI25: 092240907003 | AJ25: Islam | AK25: Perum Puncak Permata Sengkaling A1 Mulyoagung Dau Malang | AL25: 1 | AM25: 6 | AO25: Sumber Sekar | AP25: Kec. Batu | AQ25: 65151 | AR25: 081252186117 | AS25: shintaamalia1968@gmail.com | AT25: 81943/A2/c/1994 | AU25: 11 November 1994 | AV25: 01/12/1994 | AW25: 2084/1/102.Kep/KP.1b.1996 | AX25: 30 Nopember 1996 | AY25: 01/12/1996 | AZ25: Pemerintah Pusat | BA25: 823.4/224/042/2008 | BB25: 22 Februari 2008 | BC25: 01/04/2008 | BD25: Pemerintah Kota Batu | BE25: =K25 -> IV/a | BF25: 821.2/2380/204/2018 | BG25: 24 Oktober 2018 | BH25: - | BI25: Kawin | BJ25: Toto Nusantara | BL25: PNS/TNI/Polri | BM25: Tidak | BN25: 474677325657000 | BO25: 0402143487 | BP25: 3507226012680001 | BQ25: 081252186117 | BV25: =R25+1 -> 26 | BX25: =T25+1 -> 26
A26: 19 | B26: Drs. Mohammad Qodri | C26: Malang,10-08-1962 | D26: L | E26: 1 | G26: 196208101995121002 | H26: 19620810 199512 1 002 | I26: PNS | J26: Pembina, IV/a | K26: IV/a | L26: 01/10/2008 | O26: 01/12/1995 | P26: 0 | Q26: 0 | R26: 24 | S26: 7 | T26: 24 | U26: 7 | V26: S1 | X26: 1986 | AA26: Biologi | AB26: 5142740641200043 | AC26: =MID(G26,5,2) -> 08 | AD26: =MID(G26,1,4) -> 1962 | AE26: 01/09/2022 | AF26: =AD26+60 -> 2022 | AG26: 09056819010190 | AH26: 27/07/2009 | AI26: 091738877005 | AJ26: Islam | AK26: Jl. Mangga 1b Ds. Klampok Singosari Malang | AL26: 2 | AM26: 2 | AN26: Krajan | AO26: Klampok | AP26: Kec. Singosari | AQ26: 65153 | AR26: 0813337498070 | AS26: mqodri62@g.mail.com | AT26: 80199/A2/KP/1995 | AU26: 23 Destember 1995 | AV26: 01/12/1995 | AW26: 81138/104.3/KP/1997 | AX26: 23 September1997 | AY26: 01/10/1997 | AZ26: Pemerintah Pusat | BA26: 823.4/1132/042/2008 | BB26: 5 Agustus 2008 | BC26: 01/10/2008 | BD26: Pemerintah Kota Batu | BE26: =K26 -> IV/a | BF26: 821.2/2380/204/2018 | BG26: 24 Oktober 2018 | BH26: Kanikyah | BI26: Kawin | BJ26: Eni Sulistiowati | BL26: Wiraswasta | BM26: Tidak | BN26: 486370075657000 | BO26: 0402016094 | BP26: 3507241008620004 | BQ26: 081333749876 | BV26: =R26+1 -> 25 | BX26: =T26+1 -> 25
A27: 20 | B27: Dra. Mustaghfiroh | C27: Malang,10-08-1966 | D27: P | F27: 1 | G27: 196601201995122002 | H27: 19660120 199512 2 002 | I27: PNS | J27: Pembina, IV/a | K27: IV/a | L27: 01/10/2008 | O27: 01/12/1995 | P27: 0 | Q27: 0 | R27: 25 | S27: 7 | T27: 25 | U27: 7 | V27: S1 | X27: 1990 | AA27: Pend. Agama Islam | AB27: 4452744646300042 | AC27: =MID(G27,5,2) -> 01 | AD27: =MID(G27,1,4) -> 1966 | AE27: 01/02/2026 | AF27: =AD27+60 -> 2026 | AG27: 09056812720044 | AH27: 15/10/2009 | AI27: 091288902013 | AJ27: Islam | AK27: Jl. Dorowati IV/13 Kel. Sisir Batu | AL27: 2 | AM27: 5 | AN27: Sisir | AO27: Sisir | AP27: Kec. Batu | AQ27: 65314 | AR27: 082229205758 | AS27: taghfirohmus@yahoo.co.id | AT27: 79074/A2/KP/1995 | AU27: 30 November 1995 | AV27: 01/12/1995 | AW27: 74093/I04.3/KP/1997 | AX27: 30 Juni 1997 | AY27: 01/07/1997 | AZ27: Pemerintah Pusat | BA27: 823.4/1132/042/2008 | BB27: 5 Agustus 2008 | BC27: 01/10/2008 | BD27: Pemerintah Kota Batu | BE27: =K27 -> IV/a | BF27: 821.2/2380/204/2018 | BG27: 24 Oktober 2018 | BH27: - | BI27: Kawin | BJ27: Alichwan Nurwiyono | BL27: Lainnya | BM27: Tidak | BN27: 486360894628000 | BO27: 0402133228 | BP27: 3579016001660002 | BQ27: 082229205758 | BV27: =R27+1 -> 26 | BX27: =T27+1 -> 26
A28: 21 | B28: Tatang Yuli Ahmadi, M.Pd | C28: Malang, 03-07-1968 | D28: L | E28: 1 | G28: 196807031993021001 | H28: 19680703 199302 1 001 | I28: PNS | J28: Pembina, IV/a | K28: IV/a | L28: 01/04/2011 | O28: 01/2/1993 | P28: 3 | Q28: 0 | R28: 24 | S28: 5 | T28: 30 | U28: 5 | V28: S2 | X28: 2012 | AA28: Bahasa Inggris | AB28: 6035746649200053 | AC28: =MID(G28,5,2) -> 07 | AD28: =MID(G28,1,4) -> 1968 | AE28: 01/08/2028 | AF28: =AD28+60 -> 2028 | AG28: 09056815710178 | AH28: 23/10/2009 | AI28: 091586407005 | AJ28: Islam | AK28: Jl. Bandulan VI No. 820 RT. 03. / RW. 03 Sukun Malang | AL28: 3 | AM28: 3 | AO28: Bandulan | AP28: Kec. Batu | AQ28: 65146 | AR28: 082132195733 | AS28: tatangyuliahmadi@gmail.com | AT28: 2062/104/C/1993/SK | AU28: 31 Maret 1993 | AV28: 01/2/1993 | AW28: 4329/I04/C/1994/SK | AX28: 3 Juni 1994 | AY28: 01/07/1994 | AZ28: Pemerintah Pusat | BA28: 823.4/493/212/2011 | BB28: 17 Februari 2011 | BC28: 01/04/2011 | BD28: Pemerintah Kota Batu | BE28: =K28 -> IV/a | BF28: 821.2/2396/204/2018 | BG28: 24 Oktober 2018 | BH28: Sunarti | BI28: Kawin | BJ28: Jhohanani | BL28: Wiraswasta | BM28: Tidak | BN28: 486370067623000 | BO28: 0402143444 | BP28: 3573040307680005 | BQ28: 082132195733 | BV28: =R28+1 -> 25 | BX28: =T28+1 -> 31
A29: 22 | B29: Ririn Andriana, M.Pd. | C29: Probolinggo,04-10-1965 | D29: P | F29: 1 | G29: 196510041996022001 | H29: 19651004 199602 2 001 | I29: PNS | J29: Pembina, IV/a | K29: IV/a | L29: 01/10/2008 | O29: 01/2/1996 | P29: 0 | Q29: 0 | R29: 24 | S29: 5 | T29: 24 | U29: 5 | V29: S2 | X29: 2012 | AA29: Bimbingan Konseling | AB29: 533674364300003 | AC29: =MID(G29,5,2) -> 10 | AD29: =MID(G29,1,4) -> 1965 | AE29: 01/11/2025 | AF29: =AD29+60 -> 2025 | AG29: 09056881010192 | AH29: 23/07/2009 | AI29: 091736892005 | AJ29: Islam | AK29: Jl. Seruni 19 RT. 03 /RW. 04 Dau Malang | AL29: 3 | AM29: 4 | AN29: Mulyoagung | AO29: Mulyoagung | AP29: Kec. Dau | AQ29: 65151 | AR29: 081334833432 | AS29: ririnandrianabintang@gmail.com | AT29: 4821/A2/KP/1996 | AU29: 29 Januari 1996 | AV29: 01/2/1996 | AW29: 81135/I04.3/KP/1997 | AX29: 23 September 1997 | AY29: 01/10/1997 | AZ29: Pemerintah Pusat | BA29: 823.4/1132/042/2008 | BB29: 5 Agustus 2008 | BC29: 01/10/2008 | BD29: Pemerintah Kota Batu | BE29: =K29 -> IV/a | BF29: 821.2/2380/204/2018 | BG29: 24 Oktober 2018 | BH29: Murtani | BI29: Kawin | BJ29: Antonius Mulyono | BK29: 196105241988031004 | BL29: PNS/TNI/Polri | BM29: Tidak | BN29: 486360902657000 | BO29: 0402022558 | BP29: 3507224410650001 | BQ29: 081334833432 | BV29: =R29+1 -> 25 | BX29: =T29+1 -> 25
A30: 23 | B30: Dra. Winda Khusmiati | C30: Malang, 01-05-1963 | D30: P | F30: 1 | G30: 196305011997032002 | H30: 19630501 199703 2 002 | I30: PNS | J30: Pembina, IV/a | K30: IV/a | L30: 01/04/2013 | O30: 01/03/1997 | P30: 0 | Q30: 0 | R30: 23 | S30: 4 | T30: 23 | U30: 4 | V30: S1 | X30: 1982 | AA30: Ekonomi | AB30: 6833741642300072 | AC30: =MID(G30,5,2) -> 05 | AD30: =MID(G30,1,4) -> 1963 | AE30: 01/06/2023 | AF30: =AD30+60 -> 2023 | AG30: 09056821010194 | AH30: 23/10/2009 | AI30: 091485382013 | AJ30: Islam | AK30: Perum Puri Indah B2 No 11 Beji Junrejo Batu | AL30: 4 | AM30: 2 | AN30: Beji | AO30: Beji | AP30: Kec. Junrejo | AQ30: 65326 | AR30: 087759629101 | AS30: indrakhusmiati@gmail.com | AT30: 19952/A2/KP/1997 | AU30: 5 Fembruari 1997 | AV30: 01/03/1997 | AW30: 83914/I04.3/KP/1998 | AX30: 31 Juli 1998 | AY30: 01/08/1998 | AZ30: Pemerintah Pusat | BA30: 823.4/452/212/2013 | BB30: 25 Februari 2013 | BC30: 01/04/2013 | BD30: Pemerintah Kota Batu | BE30: =K30 -> IV/a | BF30: 821.2/2381/204/2018 | BG30: 24 Oktober 2018 | BH30: Siti Halimah | BI30: Kawin | BJ30: Pamor Patriawan | BK30: 196110091988031006 | BL30: Tidak bekerja | BM30: Tidak | BN30: 486370125628000 | BO30: 0402142821 | BP30: 3579034105630002 | BQ30: 087759629101 | BV30: =R30+1 -> 24 | BX30: =T30+1 -> 24
A31: 24 | B31: Drs. Hari Prasetyo | C31: Ponorogo, 23-05-1967 | D31: L | E31: 1 | G31: 196705231999031003 | H31: 19670523 199903 1 003 | I31: PNS | J31: Pembina, IV/a | K31: IV/a | L31: 01/04/2013 | O31: 01/03/1999 | P31: 0 | Q31: 0 | R31: 21 | S31: 4 | T31: 21 | U31: 4 | V31: S1 | X31: 1992 | AA31: PENJASKES | AB31: 5855745647200022 | AC31: =MID(G31,5,2) -> 05 | AD31: =MID(G31,1,4) -> 1967 | AE31: 01/06/2027 | AF31: =AD31+60 -> 2027 | AG31: 09056822010196 | AH31: 23/10/2009 | AI31: 092387402002 | AJ31: Islam | AK31: Jl. Hasanuddin VI/84 RT. 04 / RW. 09 Pesanggrahan Batu | AL31: 4 | AM31: 9 | AN31: Pesanggrahan | AO31: Pesanggrahan | AP31: Kec. Batu | AQ31: 65313 | AR31: 081803878203 | AS31: harihawug@gmail.com | AT31: 35961/104/KP/1999 | AU31: 19 April 1999 | AV31: 01/03/1999 | AW31: 117680/I04.3/KP/2000 | AX31: 29 Nopember 2000 | AY31: 01/12/2000 | AZ31: Dep. P dan K Prop. Jatim | BA31: 823.4/452/212/2013 | BB31: 25 Februari 2013 | BC31: 01/04/2013 | BD31: Pemerintah Kota Batu | BE31: =K31 -> IV/a | BF31: 821.2/2381/204/2018 | BG31: 24 Oktober 2018 | BH31: Marijatun | BI31: Kawin | BJ31: Tri Retno Wulandari | BL31: Tidak bekerja | BM31: Tidak | BN31: 342412616628000 | BO31: 0402013478 | BP31: 3573012305670003 | BQ31: 081803878203 | BV31: =R31+1 -> 22 | BX31: =T31+1 -> 22
A32: 25 | B32: Drs. Puji | C32: Malang,16-02-1961 | D32: L | E32: 1 | G32: 196102161988031006 | H32: 19610216 198803 1 006 | I32: PNS | J32: Penata Tk. I, III/d | K32: III/d | L32: 01/04/2011 | O32: 01/03/1988 | P32: 0 | Q32: 0 | R32: 27 | S32: 4 | T32: 32 | U32: 4 | V32: S1 | X32: 1991 | AA32: Bimbingan Konseling | AB32: 1548739661200002 | AC32: =MID(G32,5,2) -> 02 | AD32: =MID(G32,1,4) -> 1961 | AE32: 01/03/2021 | AF32: =AD32+60 -> 2021 | AG32: 10056881010114 | AH32: 30/08/2010 | AI32: 102035872011 | AJ32: Islam | AK32: Jl. Lilin Mas No. 1 RT. 04 / RW. 02 Dadaprejo Junrejo Batu | AL32: 4 | AM32: 2 | AN32: Areng-Areng | AO32: Dadaprejo | AP32: Kec. Manekar | AQ32: 65323 | AR32: 082142924791 | AS32: drspuji@yahooco.id | AT32: 7662/104/C/88/SK | AU32: 20 Juni 1988 | AV32: 01/03/1988 | AW32: 7691/I04/C/89/Sk | AX32: 19 April 1989 | AY32: 01/05/1989 | AZ32: Pemerintah Kab/Kota | BA32: 823.3/27/SK/422.203/2011 | BB32: 5 Mei 2011 | BC32: 01/04/2011 | BD32: Pemerintah Kota Batu | BE32: =K32 -> III/d | BF32: 821.2/011/422.024/2004 | BG32: 4 Mei 2004 | BH32: Poniti | BI32: Kawin | BJ32: Endang A | BK32: 196208271984122005 | BL32: PNS/TNI/Polri | BM32: Tidak | BN32: 486370109628000 | BO32: 0402144700 | BP32: 35790031602610002 | BQ32: 082142924791 | BV32: =R32+1 -> 28 | BX32: =T32+1 -> 33
A33: 26 | B33: Rina Yuliawati, S.Pd, M.Ed | C33: Malang, 08-07-1967 | D33: P | F33: 1 | G33: 196707081989012003 | H33: 19670708 198901 2 003 | I33: PNS | J33: Penata Tk. I, III/d | K33: III/d | L33: 01/10/2011 | O33: 01/01/1989 | P33: 3 | Q33: 0 | R33: 26 | S33: 6 | T33: 34 | U33: 6 | V33: S2 | X33: 2005 | Z33: MKG II/d- 1 tahun | AA33: Bahasa Inggris | AB33: 7040745646300013 | AC33: =MID(G33,5,2) -> 07 | AD33: =MID(G33,1,4) -> 1967 | AE33: 01/08/2027 | AF33: =AD33+60 -> 2027 | AG33: 08056815710186 | AH33: 31/12/2008 | AI33: 84030059020 | AJ33: Islam | AK33: Perum Bumiasri Sengkaling FF-10 Mulyoagung Dau Malang | AL33: 4 | AM33: 5 | AN33: Sengkaling | AO33: Mulyoagung | AP33: Kec. Dau | AQ33: 65151 | AR33: 081217404962 | AS33: rinayuliawatisman1batu@gmail.com | AT33: 4602/104/C/89/SK | AU33: 13 Maret 1989 | AV33: 01/01/1989 | AW33: 10513/I04/C/90/SK | AX33: 31 Juli 1990 | AY33: 01/08/1990 | AZ33: Pemerintah Pusat | BA33: 823.3/63/SK/422.203/2011 | BB33: 20 Oktober 2011 | BC33: 01/10/2011 | BD33: Pemerintah Kota Batu | BE33: =K33 -> III/d | BF33: -- | BG33: -- | BH33: Harsusi | BI33: Kawin | BJ33: Nurkholis | BK33: 196607061991031001 | BL33: Tidak bekerja | BM33: Tidak | BN33: 570731992657000 | BO33: 0402141841 | BP33: 3507224807670002 | BQ33: 082139025141 | BV33: =R33+1 -> 27 | BX33: =T33+1 -> 35
A34: 27 | B34: Subari, S.Pd | C34: Malang, 12-03-1965 | D34: L | E34: 1 | G34: 196503121986031021 | H34: 19650312 198603 1 021 | I34: PNS | J34: Penata Tk. I, III/d | K34: III/d | L34: 01/04/2011 | O34: 01/03/1986 | P34: 3 | Q34: 0 | R34: 26 | S34: 4 | T34: 36 | U34: 4 | V34: S1 | X34: 1996 | AA34: Sosiologi | AB34: 4644743644200062 | AC34: =MID(G34,5,2) -> 03 | AD34: =MID(G34,1,4) -> 1965 | AE34: 01/04/2025 | AF34: =AD34+60 -> 2025 | AG34: 10056821410112 | AH34: 30/08/2010 | AI34: 101390892015 | AJ34: Islam | AK34: Ds. Tirtomoyo RT. 01 / RW. 01 Pakis Malang | AL34: 1 | AM34: 1 | AN34: Genitri | AO34: Tirtomoyo | AP34: Kec. Pakis | AQ34: 65154 | AR34: 082244174133 | AS34: subariirabus@gmail.com | AT34: 137.43/104/C/1986/SK | AU34: 30 Juli 1986 | AV34: 01/03/1986 | AW34: 11891/I04/C/87/SK | AX34: 5 Nopember 1987 | AY34: 01/12/1987 | AZ34: Pemerintah Pusat | BA34: 823.3/27/SK/422.203/2011 | BB34: 5 Mei 2011 | BC34: 01/04/2011 | BD34: Pemerintah Kota Batu | BE34: =K34 -> III/d | BF34: -- | BG34: -- | BH34: Kaseni | BI34: Kawin | BJ34: Siti Maslukah | BL34: Tidak bekerja | BM34: Tidak | BN34: 486370091657000 | BO34: 0402144645 | BP34: 35730212611570001 | BQ34: 082244174133 | BV34: =R34+1 -> 27 | BX34: =T34+1 -> 37
A35: 28 | B35: Sennawati, S.Pd | C35: Bone, 04-07-1968 | D35: P | F35: 1 | G35: 196807041998032006 | H35: 19680704 199803 2 006 | I35: PNS | J35: Penata Tk. I, III/d | K35: III/d | L35: 01/02/2011 | O35: 01/03/1998 | P35: 0 | Q35: 0 | R35: 22 | S35: 4 | T35: 22 | U35: 4 | V35: S1 | X35: 1990 | AA35: Bahasa Jerman | AB35: 4036746649300053 | AC35: =MID(G35,5,2) -> 07 | AD35: =MID(G35,1,4) -> 1968 | AE35: 01/08/2028 | AF35: =AD35+60 -> 2028 | AG35: 09056816010199 | AH35: 23/10/2009 | AI35: 091438407007 | AJ35: Islam | AK35: Jl. Bejo No. 10 D RT.02 / RW. 11 Sisir Batu | AL35: 2 | AM35: 11 | AN35: Sisir | AO35: Sisir | AP35: Kec. Batu | AQ35: 65314 | AR35: 081334190469 | AS35: senna.dayat@gmail.com | AT35: 2264/A2/KP/1998 | AU35: 11 Februari 1998 | AV35: 01/03/1998 | AW35: 821.12/138/429.207/2001 | AX35: 31 Oktober 2001 | AY35: 01/11/2001 | AZ35: Pemerintah Kab. Malang | BA35: 823.3/27/SK/422.203/2011 | BB35: 5 Mei 2011 | BC35: 01/02/2011 | BD35: Pemerintah Kota Batu | BE35: =K35 -> III/d | BF35: -- | BG35: -- | BH35: - | BI35: Kawin | BJ35: M. Hidayat | BK35: 196708301994031010 | BL35: PNS/TNI/Polri | BM35: Tidak | BN35: 474677374628000 | BO35: 0402142774 | BP35: 3579014407680002 | BQ35: 081334190469 | BV35: =R35+1 -> 23 | BX35: =T35+1 -> 23
A36: 29 | B36: Purwoto, S.Pd, M.Pd | C36: Malang, 25-07-1965 | D36: L | E36: 1 | G36: 196507252005011007 | H36: 19650725 200501 1 007 | I36: PNS | J36: Penata Tk. I, III/d | K36: III/d | L36: 01/04/2013 | O36: 01/01/2005 | P36: 4 | Q36: 7 | R36: 20 | S36: 1 | T36: 20 | U36: 1 | V36: S2 | X36: 2010 | Y36: SMAN 2 BATU | AA36: PKn | AB36: 1839743646200004 | AC36: =MID(G36,5,2) -> 07 | AD36: =MID(G36,1,4) -> 1965 | AE36: 01/08/2025 | AF36: =AD36+60 -> 2025 | AG36: 10056815410085 | AH36: 21/06/2010 | AI36: 102488392018 | AJ36: Islam | AK36: Jl. Raya Oro Oro Ombo RT. 02 / RW. 07 Oro Oro Ombo Batu | AL36: 2 | AM36: 7 | AN36: Oro oro Ombo | AO36: Oro Oro Ombo | AP36: Batu | AQ36: 65316 | AR36: 082244165163 | AS36: purwotobayu@gmail.com | AT36: 813.3/221/422.024/2005 | AU36: 1 April 2005 | AV36: 01/01/2005 | AW36: 821.13/219/SK/422.024/2006 | AX36: 1/9/2006 | AY36: 01/10/2006 | AZ36: Pemerintah Kota Batu | BA36: 823.3/16/SK/422.203/2013 | BB36: 8 April 2013 | BC36: 01/04/2013 | BD36: Pemerintah Kota Batu | BE36: =K36 -> III/d | BF36: -- | BG36: -- | BN36: 385719714628000 | BO36: 0402020466 | BP36: 3579012507650001 | BQ36: 082244165163 | BV36: =R36+1 -> 21 | BX36: =T36+1 -> 21
A37: 30 | B37: Anis Dyah Wahyuti, S.Pd | C37: Kediri,17-05-1975 | D37: P | F37: 1 | G37: 197505172000122001 | H37: 19750517 200012 2 001 | I37: PNS | J37: Penata Tk. I, III/d | K37: III/d | L37: 01/04/2011 | O37: 01/12/2000 | P37: 0 | Q37: 0 | R37: 19 | S37: 7 | T37: 19 | U37: 7 | V37: S1 | X37: 1999 | AA37: Fisika | AB37: 9849753655300032 | AC37: =MID(G37,5,2) -> 05 | AD37: =MID(G37,1,4) -> 1975 | AE37: 01/06/2035 | AF37: =AD37+60 -> 2035 | AG37: 09056818410200 | AH37: 27/07/2009 | AI37: 092087442002 | AJ37: Islam | AK37: Jl. Tenes No 30 RT. 01 / RW. 03 Sisir Batu | AL37: 1 | AM37: 3 | AN37: - | AO37: Sisir | AP37: Kec. Batu | AQ37: 65314 | AR37: 08123253881 | AS37: anissman1batu@gmail.com | AT37: 85552/A2/KP/2000 | AU37: 30 Desember 2000 | AV37: 01/12/2000 | AW37: 821.2/07/422.031/2002 | AX37: 28 Maret 2002 | AY37: 01/03/2002 | AZ37: Pemerintah Pusat | BA37: 823.3/27/SK/422.203/2011 | BB37: 5 Mei 2011 | BC37: 01/04/2011 | BD37: Pemerintah Kota Batu | BE37: =K37 -> III/d | BH37: Siti Maonah | BI37: Kawin | BJ37: Achmad Sudjoko | BK37: 31970560171275 | BL37: PNS/TNI/Polri | BM37: Tidak | BN37: 570732040628000 | BO37: 0402061626 | BP37: 3579015705760002 | BQ37: 08123253881 | BV37: =R37+1 -> 20 | BX37: =T37+1 -> 20
A38: 31 | B38: Deddy Iskandar, S.Sn | C38: Malang, 14-09-1969 | D38: L | E38: 1 | G38: 196909142005011013 | H38: 19690914 200501 1 013 | I38: PNS | J38: Penata Tk. I, III/d | K38: III/d | L38: 01/10/2016 | O38: 01/01/2005 | P38: 0 | Q38: 0 | R38: 15 | S38: 6 | T38: 15 | U38: 6 | V38: S1 | X38: 1994 | AA38: Seni Budaya | AB38: 6246747649200023 | AC38: =MID(G38,5,2) -> 09 | AD38: =MID(G38,1,4) -> 1969 | AE38: 01/10/2029 | AF38: =AD38+60 -> 2029 | AG38: 10056821710115 | AH38: 24/06/2010 | AI38: 101939412007 | AJ38: Islam | AK38: Jl. Cemara Kipas 05 RT. 01 / RW. 01 Sidomulyo Batu | AL38: 1 | AM38: 1 | AN38: Tinjumoyo | AO38: Sidomulyo | AP38: Kec. Batu | AQ38: 65317 | AR38: 081233344321 | AS38: deddy_kandar@yahoo.com | AT38: 813.3/147/422.024/2005 | AU38: 1 April 2005 | AV38: 01/01/2005 | AW38: 821.13/154/SK/422.024/2006 | AX38: 1 September 2006 | AY38: 01/10/2006 | AZ38: Pemerintah Pusat | BA38: 823.3/63/SK/422.203/2011 | BB38: 20 Oktober 2011 | BC38: 01/10/2016 | BD38: Pemerintah Kota Batu | BE38: =K38 -> III/d | BF38: -- | BG38: -- | BH38: Wahyuningsih | BI38: Kawin | BJ38: Erma Setyo Wahyuni | BL38: Wiraswasta | BM38: Tidak | BN38: 486370166628000 | BO38: 0402144581 | BP38: 3579011409690002 | BQ38: 081233344321 | BV38: =R38+1 -> 16 | BX38: =T38+1 -> 16
A39: 32 | B39: Iwan Yudi Hernawan, S.Pd, M.Pd. | C39: Blitar, 06-04-1975 | D39: L | E39: 1 | G39: 197504062005011016 | H39: 19750406 200501 1 016 | I39: PNS | J39: Penata Tk. I, III/d | K39: III/d | L39: 01/10/2017 | O39: 01/01/2005 | P39: 0 | Q39: 0 | R39: 15 | S39: 6 | T39: 15 | U39: 6 | V39: S2 | X39: 2009 | AA39: Bimbingan Konseling | AB39: 8738753654200002 | AC39: =MID(G39,5,2) -> 04 | AD39: =MID(G39,1,4) -> 1975 | AE39: 01/05/2035 | AF39: =AD39+60 -> 2035 | AG39: 11051581011850 | AH39: 01/10/2011 | AI39: 118101172002 | AJ39: Islam | AK39: Jl. Raya Giripurno 59/09 Bumiaji Batu | AL39: 59 | AM39: 9 | AN39: Kedung | AO39: Giripurno | AP39: Kec. Bumiaji | AQ39: 65333 | AR39: 08123399237 | AS39: iwansmangat@yahoo.co.id | AT39: 813.3/231/409.201/2005 | AU39: 12 April 2005 | AV39: 01/01/2005 | AW39: 813.3/239/409.201/2006 | AX39: 31 Juli 2006 | AY39: 01/08/2006 | AZ39: Pemerintah Kab/Kota | BA39: 823.3/1579/204/2017 | BB39: 4 September 2017 | BC39: 01/10/2017 | BD39: Pemerintah Provinsi | BE39: =K39 -> III/d | BF39: 821.2/1446/204/2017 | BG39: 14 Agustus 2017 | BH39: Sri Harmani | BI39: Kawin | BJ39: Wulandari | BL39: Tidak bekerja | BM39: Tidak | BN39: 485788897653000 | BO39: 0402181478 | BP39: 3579020604750003 | BQ39: 08123399237 | BV39: =R39+1 -> 16 | BX39: =T39+1 -> 16
A40: 33 | B40: Agustini Purwanti, M.Pd. | C40: Malang, 15 Agustus 1975 | D40: P | F40: 1 | G40: 197508152005012011 | H40: 19750815 200501 2 011 | I40: PNS | J40: Penata, III/c | K40: III/c | L40: 01/10/2019 | O40: 01/01/2005 | P40: 0 | Q40: 0 | R40: 15 | S40: 9 | T40: 15 | U40: 9 | V40: S2 | X40: 2017 | AA40: Fisika | AB40: 7147753654300033 | AC40: =MID(G40,5,2) -> 08 | AD40: =MID(G40,1,4) -> 1975 | AE40: 01/09/2035 | AF40: =AD40+60 -> 2035 | AG40: 10056818410120 | AH40: 30/08/2010 | AI40: 101988942006 | AJ40: Islam | AK40: Jl. Martorejo Gg. Melati No. 12 RT. 05 / RW. 02 Dadaprejo Junrejo Batu | AL40: 5 | AM40: 2 | AN40: Areng Areng | AO40: Dadap Rejo | AP40: Kec. Junrejo | AQ40: 65323 | AR40: 085334238817 | AS40: agustinipurwanti15@gmail.com | AT40: 8133/136/422.024/2005 | AU40: 1 April 2005 | AV40: 01/01/2005 | AW40: 813.13/143/SK/422.024/2006 | AX40: 1 September 2006 | AY40: 01/10/2006 | AZ40: Pemerintah Kab/Kota | BA40: 823.3/4016/204/2019 | BB40: 2 September 2019 | BC40: 01/10/2019 | BD40: Pemerintah Provinsi | BE40: =K40 -> III/c | BF40: 821.2/2420/204/2018 | BG40: 25 Oktober 2018 | BH40: Rupinah | BI40: Kawin | BJ40: Drs Sudaryanto | BL40: PNS/TNI/Polri | BM40: Tidak | BN40: 486360928628000 | BO40: 0402137355 | BP40: 3579035508750001 | BQ40: 085334238817 | BV40: =R40+1 -> 16 | BX40: =T40+1 -> 16
A41: 34 | B41: Drs. Pa'i | C41: Pasuruan, 23-01-1965 | D41: L | E41: 1 | G41: 196501232007011002 | H41: 19650123 200701 1 002 | I41: PNS | J41: Penata, III/c | K41: III/c | L41: 01/10/2016 | O41: 01/01/2007 | P41: 2 | Q41: 8 | R41: 16 | S41: 2 | T41: 16 | U41: 2 | V41: S1 | X41: 1991 | AA41: PKn | AB41: 2455743646200022 | AC41: =MID(G41,5,2) -> 01 | AD41: =MID(G41,1,4) -> 1965 | AE41: 01/02/2025 | AF41: =AD41+60 -> 2025 | AG41: 07056815490001 | AH41: 28/03/2008 | AI41: 072385392003 | AJ41: Islam | AK41: Jl. KH. Agus Salim II/09 RT. 02 / RW. 01 Sisir Batu | AL41: 2 | AM41: 2 | AO41: Sisir | AP41: Kec. Batu | AQ41: 65314 | AR41: 081803896255 | AS41: paibatu@gmail.com | AT41: 813.3/374/SK/422.024/2007 | AU41: 23 Desember 2007 | AV41: 01/01/2007 | AW41: 813.3/036.1/422.024/2009 | AX41: 16 April 2009 | AY41: 01/05/2009 | AZ41: Pemerintah Kab/Kota | BA41: 823.3/36/SK/422.203/2016 | BB41: 23 September 2016 | BC41: 01/10/2016 | BD41: Pemerintah Kota Batu | BE41: =K41 -> III/c | BF41: 821.2/030/SK/422.203/2010 | BG41: 30 April 2010 | BH41: Danah | BI41: Kawin | BJ41: Maslahah | BK41: 196511092007012016 | BL41: Tidak bekerja | BM41: Tidak | BN41: 871528501628000 | BO41: 0402037105 | BP41: 3579012301650001 | BQ41: 082232268907 | BV41: =R41+1 -> 17 | BX41: =T41+1 -> 17
A42: 35 | B42: Hermawanto, M.Pd. | C42: Batu, 19-02-1983 | D42: L | E42: 1 | G42: 198302192006041011 | H42: 19830219 200604 1 011 | I42: PNS | J42: Penata, III/c | K42: III/c | L42: 01/04/2016 | O42: 01/04/2006 | P42: 0 | Q42: 0 | R42: 14 | S42: 3 | T42: 14 | U42: 3 | V42: S2 | X42: 2013 | AA42: Fisika | AB42: 1551761662200022 | AC42: =MID(G42,5,2) -> 02 | AD42: =MID(G42,1,4) -> 1983 | AE42: 01/03/2043 | AF42: =AD42+60 -> 2043 | AG42: 16056818410059 | AH42: 28/12/2016 | AI42: 161841103053 | AJ42: Islam | AK42: Jl. Imam Bonjol II 18 J Sisir Batu | AL42: 5 | AM42: 1 | AN42: Sisir | AO42: Sisir | AP42: Kec. Batu | AQ42: 65314 | AR42: 081334738339 | AS42: hermawanto2007@gmail.com | AT42: 813.3/006/SK/422.024/2006 | AU42: 1 Agustus 2006 | AV42: 01/04/2006 | AW42: 821.13/012/422.024/2008 | AX42: 10 Maret 2008 | AY42: 01/04/2008 | AZ42: Pemerintah Kab/Kota | BA42: 823.3/15/SK/422.203/2016 | BB42: 7 April 2016 | BC42: 01/04/2016 | BD42: Pemerintah Kota Batu | BE42: =K42 -> III/c | BF42: 821.2/030/SK/422.203/2010 | BG42: -- | BH42: Sanikyah | BI42: Kawin | BJ42: Yosefa Petra Paula Pada | BK42: 198109182010012029 | BL42: PNS/TNI/Polri | BM42: Tidak | BN42: 474809662628000 | BO42: 0402042944 | BP42: 3579031902830003 | BQ42: 081334738339 | BV42: =R42+1 -> 15 | BX42: =T42+1 -> 15
A43: 36 | B43: Reny Widayanti,SE | C43: Batu-Malang, 03-12-1972 | D43: P | F43: 1 | G43: 197212032006042005 | H43: 19721203 200604 2 005 | I43: PNS | J43: Penata, III/c | K43: III/c | L43: 01/10/2015 | O43: 01/04/2006 | P43: 6 | Q43: 3 | R43: 20 | S43: 6 | T43: 20 | U43: 6 | V43: S1 | X43: 1998 | Y43: SMK 17 Agustus Batu | AA43: Akuntansi | AB43: 6535750652300063 | AC43: =MID(G43,5,2) -> 12 | AD43: =MID(G43,1,4) -> 1972 | AE43: 01/01/2033 | AF43: =AD43+60+1 -> 2033 | AG43: 11056854010132 | AH43: 05/10/2011 | AI43: 115401959002 | AJ43: Islam | AK43: Jl. Diponegoro RT. 07 / RW. 01 No. 67 Sisir Batu | AL43: 7 | AM43: 1 | AN43: Sisir | AO43: Sisir | AP43: Kec. Batu | AQ43: 65314 | AR43: 088219358320 | AS43: renywidiyanti372@gmail.com | AT43: 813.3/209/SK/422.024/2007 | AU43: 12 Maret 2007 | AV43: 01/04/2006 | AW43: 821.13/012/422.024/2008 | AX43: 10 Maret 2008 | AY43: 01/04/2008 | AZ43: Pemerintah Kab/Kota | BA43: 823.3/45/SK/422.203/2015 | BB43: 8 September 2015 | BC43: 01/10/2015 | BD43: Pemerintah Kota Batu | BE43: =K43 -> III/c | BF43: 821.2/030/SK/422.203/2010 | BG43: 30 April 2010 | BH43: Sumiati | BI43: Kawin | BJ43: Bambang Sumardi, S.H. | BN43: 258970193628000 | BO43: 0402021284 | BP43: 3579014312720004 | BQ43: 088219358320 | BV43: =R43+1 -> 21 | BX43: =T43+1 -> 21
A44: 37 | B44: Umi Solikah, S.Pd. | C44: Batu, 13-04-1971 | D44: P | F44: 1 | G44: 197104132006042023 | H44: 19710413 200604 2 023 | I44: PNS | J44: Penata, III/c | K44: III/c | L44: 01/10/2019 | O44: 01/04/2006 | P44: 7 | Q44: 9 | R44: 22 | S44: 3 | T44: 22 | U44: 3 | V44: S1 | X44: 1995 | AA44: Biologi | AB44: 0745749651300052 | AC44: =MID(G44,5,2) -> 04 | AD44: =MID(G44,1,4) -> 1971 | AE44: 01/05/2031 | AF44: =AD44+60 -> 2031 | AG44: 10056819010109 | AH44: 24/06/2010 | AI44: 101886922007 | AJ44: Islam | AK44: Jl. Abdul Gani Bawah III / 2A Ngaglik Batu | AL44: 7 | AM44: 12 | AN44: Ngaglik | AO44: Ngaglik | AP44: Kec. Batu | AQ44: 65311 | AR44: 081217404962 | AS44: solikahumi@rocketmail.com | AT44: 813.3/093/SK/422.024/2007 | AU44: 26 Januari 2007 | AV44: 01/04/2006 | AW44: 821.13/012/422.024/2008 | AX44: 10 Maret 2008 | AY44: 01/04/2008 | AZ44: Pemerintah Pusat | BA44: 823.3/4016/204/2019 | BB44: 2 September 2019 | BC44: 01/10/2019 | BD44: Pemerintah Provinsi | BE44: =K44 -> III/c | BF44: 821.2/3475/204/2019 | BG44: 29 Juli 2019 | BH44: Kasiani | BI44: Kawin | BJ44: Sumadi | BK44: 196509301995121003 | BL44: PNS/TNI/Polri | BM44: Tidak | BN44: 570732032628000 | BO44: 0402098244 | BP44: 3579015304710006 | BQ44: 081217404962 | BV44: =R44+1 -> 23 | BX44: =T44+1 -> 23
A45: 38 | B45: Nita Rimayanti, S.Pd. | C45: Malang, 28-07-1986 | D45: P | F45: 1 | G45: 198607282009032005 | H45: 19860728 200903 2 005 | I45: PNS | J45: Penata | K45: III/c | L45: 01//04/2020 | M45: 11 | N45: 10 | O45: 11/03/2009 | R45: 11 | S45: 10 | V45: S1 | W45: Pend. Ekonomi | X45: 2008 | AA45: Pend. Ekonomi | AB45: 5060764665210083 | AE45: 01/08/2046 | AF45: 2046 | AJ45: Islam | AK45: Jl. Atmorejo No. 31 Bulukerto, RT.006 RW. 001 Kel. Bulukerto Kec. Bumiaji Kota Batu | AL45: 6 | AM45: 1 | AN45: Bulukerto | AO45: Bulukerto | AP45: Kec. Bumiaji | AQ45: 65334 | AR45: 085100484386 | AS45: neethacuteone8386@gmail.com | AT45: 813.3/0194/SK/422.402/2009 | AU45: 29 April 2009 | AV45: 01/03/2009 | AW45: 821.13/173/422.203/2011 | AX45: 25 Januari 2011 | AY45: 01/03/2011 | AZ45: Pemerintah Kab/Kota | BA45: 823.3/1079/204/2020 | BB45: 6 Maret 2020 | BC45: 01/04/2020 | BD45: Pemerintah Provinsi | BE45: =K45 -> III/c | BF45: 821.2/057/SK/422.203/2011 | BG45: 9 Agustus 2011 | BH45: Linarti | BI45: Kawin | BJ45: Sam Helmi Ardian, S.H | BL45: Kepolisian RI | BN45: 885265850628000 | BP45: 3579026807860002 | BQ45: 085100484386 | BV45: =R45+1 -> 12 | BX45: =T45+1 -> 1
A46: 39 | B46: Sutejo, S.Pd | C46: Banjarnegara, 09-07-1973 | D46: L | E46: 1 | G46: 197307092006041013 | H46: 19730709 200604 1 013 | I46: PNS | J46: Penata Muda Tk. I, III/b | K46: III/b | L46: 01/10/2011 | O46: 01/04/2006 | P46: 7 | Q46: 8 | R46: 21 | S46: 11 | T46: 21 | U46: 11 | V46: S1 | X46: 1998 | AA46: Sejarah | AB46: 1041751653200023 | AC46: =MID(G46,5,2) -> 07 | AD46: =MID(G46,1,4) -> 1973 | AE46: 01/08/2033 | AF46: =AD46+60 -> 2033 | AG46: 10056820410110 | AH46: 30/08/2010 | AI46: 101589432011 | AJ46: Islam | AK46: Jl. Basket No. 9 Sisir Batu | AL46: 1 | AM46: 3 | AO46: Sisir | AP46: Kec. Batu | AQ46: 65314 | AR46: 082231730750 | AS46: sutejo_43@yahoo.com | AT46: 813.3/074/SK/422.024/2007 | AU46: 26 Januari 2007 | AV46: 01/04/2006 | AW46: 813.3/012/422.024/2008 | AX46: 10 Maret 2008 | AY46: 01/04/2008 | AZ46: Pemerintah Kab/Kota | BA46: 823.3/63/SK/422.203/2011 | BB46: 20 Oktober 2011 | BC46: 01/10/2011 | BD46: Pemerintah Kota Batu | BE46: =K46 -> III/b | BF46: 821.2/030/SK/422.203/2010 | BG46: 30 April 2010 | BH46: - | BI46: Kawin | BJ46: Widyanti | BK46: 197408082008012008 | BL46: PNS/TNI/Polri | BM46: Tidak | BN46: 570732024628000 | BO46: 0402144912 | BP46: 3579010907730003 | BQ46: 082141892400 | BV46: =R46+1 -> 22 | BX46: =T46+1 -> 22
A47: 40 | B47: Kuswanto, M.Pd.K | C47: Pati, 10 Maret 1964 | D47: L | E47: 1 | G47: 196403102007011014 | H47: 19640310 200701 1 014 | I47: PNS | J47: Penata Muda Tk. I, III/b | K47: III/b | L47: 01/04/2012 | O47: 01/01/2007 | P47: 2 | Q47: 0 | R47: 15 | S47: 6 | T47: 15 | U47: 6 | V47: S2 | X47: 2013 | AA47: Pend. Agama Kristen | AB47: 0335742644200013 | AC47: =MID(G47,5,2) -> 03 | AD47: =MID(G47,1,4) -> 1964 | AE47: 01/04/2024 | AF47: =AD47+60 -> 2024 | AG47: 14056813420006 | AH47: 16/12/2014 | AI47: 141342476022 | AJ47: Kristen | AK47: Griyasanta Blok H 262 RT. 01 / RW. 15 Mojolangu Lowokwaru Malang | AL47: 1 | AM47: 15 | AN47: Mojolangu | AO47: Mojolangu | AP47: Kec. Lowokwaru | AQ47: 65142 | AR47: 081615603378 | AS47: kuswantokuswanto703@gmail.com | AT47: 813.3/815/SK/422.024/2007 | AU47: 28 Desember 2007 | AV47: 01/01/2007 | AW47: 821.13/036.1/422.402/2009 | AX47: 16 April 2009 | AY47: 01/05/2009 | AZ47: Pemerintah Kab/Kota | BA47: 823.3/16/SK/422.203/2012 | BB47: 27 Maret 2012 | BC47: 01/04/2012 | BD47: Pemerintah Kota Batu | BE47: =K47 -> III/b | BF47: 821.2/030/SK/422.203/2010 | BG47: 30 April 2010 | BH47: Wanisih | BI47: Kawin | BJ47: Yolanda Chistin Siahaya | BL47: Wiraswasta | BM47: Tidak | BN47: 574707816652000 | BO47: 0402122358 | BP47: 3573051003640001 | BQ47: 081615603378 | BV47: =R47+1 -> 16 | BX47: =T47+1 -> 16
A48: 41 | B48: Drs. Bonari | C48: Blitar, 30-10-1963 | D48: L | E48: 1 | G48: 196310302007011004 | H48: 19631030 200701 1 004 | I48: PNS | J48: Penata Muda Tk. I, III/b | K48: III/b | L48: 01/04/2012 | O48: 01/01/2007 | P48: 2 | Q48: 0 | R48: 15 | S48: 6 | T48: 15 | U48: 6 | V48: S1 | X48: 1989 | AA48: Geografi | AB48: 7362741644200013 | AC48: =MID(G48,5,2) -> 10 | AD48: =MID(G48,1,4) -> 1963 | AE48: 01/11/2023 | AF48: =AD48+60 -> 2023 | AG48: 13056820710119 | AH48: 16/10/2013 | AI48: 132071467002 | AJ48: Kristen | AK48: Jl. Magersari Utara A-4 | AL48: 4 | AM48: 1 | AN48: - | AO48: Kebonagung | AP48: Kec. Pakisaji | AQ48: 65161 | AR48: 081558333432 | AS48: betsymaartje@gmail.com | AT48: 813.3/364/SK/422.024/2007 | AU48: 28 Desember 2007 | AV48: 01/01/2007 | AW48: 821.13/036.1/422.402/2009 | AX48: 16 April 2009 | AY48: 01/05/2009 | AZ48: Pemerintah Pusat | BA48: 823.3/20/SK/422.203/2012 | BB48: 30 April 2012 | BC48: 01/04/2012 | BD48: Pemerintah Kota Batu | BE48: =K48 -> III/b | BF48: 821.2/030/SK/422.203/2010 | BG48: 30 April 2010 | BH48: - | BI48: Kawin | BJ48: Maartje Elisabeth | BL48: Karyawan Swasta | BM48: Tidak | BN48: 885265116654000 | BO48: 0402109882 | BP48: 3507193010630001 | BQ48: 081216541845 | BV48: =R48+1 -> 16 | BX48: =T48+1 -> 16
A49: 42 | B49: Dra. Wahyuni | C49: Malang, 17-3-1965 | D49: P | F49: 1 | G49: 196503172008012005 | H49: 19650317 200801 2 005 | I49: PNS | J49: Penata Muda Tk. I, III/b | K49: III/b | L49: 01/04/2013 | O49: 01/01/2008 | P49: 3 | Q49: 0 | R49: 15 | S49: 6 | T49: 15 | U49: 6 | V49: S1 | X49: 1989 | AA49: Biologi | AB49: 2649743645300012 | AC49: =MID(G49,5,2) -> 03 | AD49: =MID(G49,1,4) -> 1965 | AE49: 01/04/2025 | AF49: =AD49+60 -> 2025 | AG49: 11056819010110 | AH49: 25/10/2011 | AI49: 111901294001 | AJ49: Islam | AK49: Jl. Diponegoro RT. 01 / RW. 04 Junrejo Batu | AL49: 1 | AM49: 4 | AN49: Junwatu | AO49: Junrejo | AP49: Kec. Junrejo | AQ49: 65321 | AR49: 082234040400 | AS49: wahyuni.ninok@yahoo.com | AT49: 813.3/238/SK/422.024/2008 | AU49: 12 Oktober 2008 | AV49: 01/01/2008 | AW49: 821.13/057/422.203/2009 | AX49: 31 Desember 2009 | AY49: 01/01/2010 | AZ49: Pemerintah Kota Batu | BA49: 823.3/16/SK/422.203/2013 | BB49: 8 April 2013 | BC49: 01/04/2013 | BD49: Pemerintah Kota Batu | BE49: =K49 -> III/b | BF49: 821.2/054/SK/422.203/2010 | BG49: 30 Agustus 2010 | BH49: Sudarmi | BI49: Janda/Duda | BJ49: -- | BL49: Tidak bekerja | BM49: Tidak | BN49: 878675586638000 | BO49: 0402155388 | BP49: 3579035703650001 | BQ49: 082234040400 | BV49: =R49+1 -> 16 | BX49: =T49+1 -> 16
A50: 43 | B50: Dra. Nina Dwiana | C50: Blitar,17-05-1966 | D50: P | F50: 1 | G50: 196605172008012007 | H50: 19660517 200801 2 007 | I50: PNS | J50: Penata Muda Tk. I, III/b | K50: III/b | L50: 01/04/2013 | O50: 01/01/2008 | P50: 3 | Q50: 0 | R50: 15 | S50: 6 | T50: 15 | U50: 6 | V50: S1 | X50: 1992 | AA50: Matematika | AB50: 1849744646300082 | AC50: =MID(G50,5,2) -> 05 | AD50: =MID(G50,1,4) -> 1966 | AE50: 01/06/2026 | AF50: =AD50+60 -> 2026 | AG50: 11056818010117 | AH50: 05/10/2011 | AI50: 111801976011 | AJ50: Islam | AK50: Jl. Dahlia 16 Sengkaling RT. 001 / RW. 007 Muloagung Dau Malang | AL50: 1 | AM50: 7 | AN50: Mulyoagung | AO50: Mulyoagung | AP50: Kec. Dau | AQ50: 65151 | AR50: 08170505332 | AS50: ninadwiyana05@gmail.com | AT50: 813.3 / 234 / SK / 422.024 / 2008 | AU50: 17 Oktober 2008 | AV50: 01/01/2008 | AW50: 821.13 / 057 / 422. 203 / 2009 | AX50: 31 Desember 2009 | AY50: 01/01/2010 | AZ50: Pemerintah Pusat | BA50: 823.3/16/SK/422.203/2013 | BB50: 8 April 2013 | BC50: 01/04/2013 | BD50: Pemerintah Kota Batu | BE50: =K50 -> III/b | BF50: 821.2/054/SK/422.203/2010 | BG50: 30 Agustus 2010 | BH50: - | BI50: Kawin | BJ50: Rudi Santoso | BK50: 196601121989031001 | BL50: PNS/TNI/Polri | BM50: Tidak | BN50: 871528485657000 | BO50: 0402022477 | BP50: 3507225705660001 | BQ50: 08170505332 | BV50: =R50+1 -> 16 | BX50: =T50+1 -> 16
A51: 44 | B51: Rini Wahyuningsih,S.Pd | C51: Malang, 12-10-1973 | D51: P | F51: 1 | G51: 197310122008012005 | H51: 19731012 200801 2 005 | I51: PNS | J51: Penata Muda Tk. I, III/b | K51: III/b | L51: 01/04/2013 | O51: 01/01/2008 | P51: 3 | Q51: 0 | R51: 15 | S51: 6 | T51: 15 | U51: 6 | V51: S1 | X51: 1998 | AA51: Bahasa Jepang | AB51: 2344751653300053 | AC51: =MID(G51,5,2) -> 10 | AD51: =MID(G51,1,4) -> 1973 | AE51: 01/11/2033 | AF51: =AD51+60 -> 2033 | AG51: 11056817010120 | AH51: 12/10/2011 | AI51: 111701341001 | AJ51: Islam | AK51: Jl. Diran 65 RT. 4 / RW. 1 Sisir Kota Batu | AL51: 4 | AM51: 1 | AO51: Sisir | AP51: Kec. Batu | AQ51: 65314 | AR51: 081333473115 | AS51: riniwahyuningsih493@yahoo.co.id | AT51: 821.3/276/SK/422.024/2008 | AU51: 17 Oktober 2008 | AV51: 01/01/2008 | AW51: 821.3/057/422.203/2009 | AX51: 31 Desember 2009 | AY51: 01/01/2010 | AZ51: Pemerintah Pusat | BA51: 823.3/16/SK/422.203/2013 | BB51: 8 April 2013 | BC51: 01/04/2013 | BD51: Pemerintah Kota Batu | BE51: =K51 -> III/b | BF51: 821.2/054/SK/422.203/2010 | BG51: 30 Agustus 2010 | BH51: Minarti | BI51: Kawin | BJ51: Yusuf Suryobroto | BK51: 197402132000031001 | BL51: PNS/TNI/Polri | BM51: Tidak | BN51: 254337454652000 | BO51: 0402055189 | BP51: 3579015210730001 | BQ51: 081334473115 | BV51: =R51+1 -> 16 | BX51: =T51+1 -> 16
A52: 45 | B52: Dewi Insyasiska, M.Pd | C52: Malang, 23-08-1978 | D52: P | F52: 1 | G52: 197808232006042029 | H52: 19780823 200604 2 029 | I52: PNS | J52: Penata Muda Tk. I, III/b | K52: III/b | L52: 01/10/2010 | O52: 01/04/2006 | P52: 0 | Q52: 0 | R52: 14 | S52: 3 | T52: 14 | U52: 3 | V52: S2 | X52: 2011 | AA52: Biologi | AB52: 1155756648300003 | AC52: =MID(G52,5,2) -> 08 | AD52: =MID(G52,1,4) -> 1978 | AE52: 01/09/2038 | AF52: =AD52+60 -> 2038 | AG52: 16056819010036 | AH52: 28/12/2017 | AI52: 171901100172 | AJ52: Islam | AK52: Jl. Noto Joyo 125 RT. 03 / RW. 01 Tegalgondo Karangploso Malang | AL52: 3 | AM52: 1 | AN52: Gondang | AO52: Tegalgondo | AP52: Kec. Karangploso | AQ52: 65152 | AR52: 081803805848 | AS52: desysca@yahoo.com | AT52: 813.3 / 005 / SK / 422.024 / 2006 | AU52: 1 Agustus 2006 | AV52: 01/04/2006 | AW52: 821.13 / 012 / 422.024 / 2008 | AX52: 10 Maret 2008 | AY52: 01/04/2008 | AZ52: Pemerintah Pusat | BA52: 823.3/060/SK/422.203/2010 | BB52: 13 Oktober 2010 | BC52: 01/10/2010 | BD52: Pemerintah Kota Batu | BE52: =K52 -> III/b | BF52: 821.2/030/SK/422.203/2010 | BG52: 30 April 2010 | BH52: - | BI52: Kawin | BJ52: Chandra Adhi Cahyanto | BL52: Wiraswasta | BM52: Tidak | BN52: 570731976657000 | BO52: 0402144629 | BP52: 3507236308780004 | BQ52: 081803805848 | BV52: =R52+1 -> 15 | BX52: =T52+1 -> 15
A53: 46 | B53: Drs.Solikin, M.Pd.I | C53: Malang, 11-04-1963 | D53: L | E53: 1 | G53: 196304112007011008 | H53: 19630411 200701 1 008 | I53: PNS | J53: Penata Muda Tk. I, III/b | K53: III/b | L53: 01/04/2012 | O53: 01/01/2007 | P53: 0 | Q53: 0 | R53: 13 | S53: 6 | T53: 13 | U53: 6 | V53: S2 | X53: 2013 | AA53: Pend. Agama Islam | AB53: 4436741644200003 | AC53: =MID(G53,5,2) -> 04 | AD53: =MID(G53,1,4) -> 1963 | AE53: 01/05/2023 | AF53: =AD53+60 -> 2023 | AG53: 10056812720052 | AH53: 25/10/2010 | AI53: 101440382033 | AJ53: Islam | AK53: Jl. Raya Dadaprejo No. 162 RT. 04 / RW. 08 Dadaprejo Junrejo Batu | AL53: 4 | AM53: 8 | AO53: Sisir | AP53: Kec. Batu | AQ53: 65323 | AR53: 08125205233 | AS53: solikinsmuba@gmail.com | AT53: 813.3/318/SK/422.024/2007 | AU53: 28 Desember 2007 | AV53: 01/01/2007 | AW53: 821.13/036.1/422.402/2009 | AX53: 16 April 2009 | AY53: 01/05/2009 | AZ53: Pemerintah Pusat | BA53: 823.3/16/SK/422.203/2012 | BB53: 27 Maret 2012 | BC53: 01/04/2012 | BD53: Pemerintah Kota Batu | BE53: =K53 -> III/b | BF53: 821.2/057/SK/422.203/2011 | BG53: 9 Agustus 2011 | BH53: - | BI53: Kawin | BJ53: Wiji Utami | BL53: Tidak bekerja | BM53: Tidak | BN53: 878675594628000 | BO53: 0402017481 | BP53: 3579031104630001 | BQ53: 08125205233 | BV53: =R53+1 -> 14 | BX53: =T53+1 -> 14
A54: 47 | B54: Anas Bachtiar, S.Pd. | C54: Malang, 16 Juli 1984 | D54: L | E54: 1 | G54: 198407162009031005 | H54: 19840716 200903 1 005 | I54: PNS | J54: Penata Muda Tk. I, III/b | K54: III/b | L54: 01/10/2016 | O54: 01/03/2009 | P54: 0 | Q54: 0 | R54: 11 | S54: 4 | T54: 11 | U54: 4 | V54: S1 | X54: 2008 | AA54: PENJASKES | AB54: 2048762664110053 | AC54: =MID(G54,5,2) -> 07 | AD54: =MID(G54,1,4) -> 1984 | AE54: 01/08/2044 | AF54: =AD54+60 -> 2044 | AJ54: Islam | AK54: Rogonoto Timur 77 RT.3 / RW. 01 Singosari Kab. Malang | AL54: 3 | AM54: 1 | AN54: Kebon Agung | AO54: Tamanharjo | AP54: Kec. Singosari | AQ54: 65315 | AR54: 081333321217 | AS54: mister.anas@gmail.com | AT54: 813.3/0146/SK/422.402/2009 | AU54: 29 April 2009 | AV54: 01/03/2009 | AW54: 821.13/173/422.203/2011 | AX54: 25 Januari 2011 | AY54: 01/03/2011 | AZ54: Pemerintah Kab/Kota | BA54: 823.3/36/SK/422.203/2016 | BB54: 23 September 2016 | BC54: 01/10/2016 | BD54: Pemerintah Kota Batu | BE54: =K54 -> III/b | BF54: 821.2/057/SK/422.203/2011 | BG54: 9 Agustus 2011 | BH54: Diah Astuti | BI54: Kawin | BJ54: Nia Mardiana | BK54: 198508152011012015 | BL54: PNS/TNI/Polri | BM54: Tidak | BN54: 782435796657000 | BO54: 0402109122 | BP54: 3507241601840008 | BQ54: 081333321217 | BV54: =R54+1 -> 12 | BX54: =T54+1 -> 12
A55: 48 | B55: Aris Eko Kurniawan, M.Pd. | C55: Bojonegoro,14-02-1981 | D55: L | E55: 1 | G55: 198102142010011017 | H55: 19810214 201001 1 017 | I55: PNS | J55: Penata Muda Tk. I, III/b | K55: III/b | L55: 01/10/2017 | O55: 01/01/2010 | P55: 0 | Q55: 0 | R55: 10 | S55: 6 | T55: 10 | U55: 6 | V55: S2 | X55: 2019 | AA55: Matematika | AB55: 4546759660200002 | AC55: =MID(G55,5,2) -> 02 | AD55: =MID(G55,1,4) -> 1981 | AE55: 01/03/2041 | AF55: =AD55+60 -> 2041 | AG55: 14056818010328 | AH55: 10/10/2014 | AI55: 141801796002 | AJ55: Islam | AK55: Jl. Simpang Wijaya No 1 Kel.Pagetan Kec. Singosari Kab. Malang | AL55: 7 | AM55: 3 | AO55: Pagentan | AP55: Kec. Singosari | AQ55: 65153 | AR55: 08563569757 | AS55: arrhyz@gmail.com | AT55: 813.3/90/SK/422.203/2010 | AU55: 10 Maret 2010 | AV55: 01/01/2010 | AW55: 821.13/70/422.203/2011 | AX55: 1 Desember 2011 | AY55: 01/01/2012 | AZ55: Pemerintah Kab/Kota | BA55: 823.3/1579/204/2017 | BB55: 4 September 2017 | BC55: 01/10/2017 | BD55: Pemerintah Provinsi | BE55: =K55 -> III/b | BF55: 821.2/626/204/2018 | BG55: 10 April 2018 | BH55: - | BI55: Kawin | BJ55: Evi Desiana | BL55: Lainnya | BM55: Tidak | BN55: 672221066657000 | BO55: 0402140101 | BP55: 3507211402810005 | BQ55: 08563569757 | BV55: =R55+1 -> 11 | BX55: =T55+1 -> 11
A56: 49 | B56: Nenni Setyo Utami, ST | C56: Malang,12-03-1975 | D56: P | F56: 1 | G56: 197503122010012013 | H56: 19750312 201001 2 013 | I56: PNS | J56: Penata Muda Tk. I, III/b | K56: III/b | L56: 01/04/2018 | O56: 01/01/2010 | P56: 0 | Q56: 0 | R56: 10 | S56: 6 | T56: 10 | U56: 6 | V56: S1 | X56: 2000 | AA56: Kimia | AB56: 7644753654300012 | AC56: =MID(G56,5,2) -> 03 | AD56: =MID(G56,1,4) -> 1975 | AE56: 01/04/2035 | AF56: =AD56+60 -> 2035 | AG56: 08051932011053 | AH56: 31/12/2008 | AI56: 084426067006 | AJ56: Islam | AK56: Pondok Blimbing Indah D 5 No 23 | AL56: 8 | AM56: 5 | AN56: Polowijen | AO56: Polowijen | AP56: Kec. Blimbing | AQ56: 65126 | AR56: 082155670857 | AS56: nenigierry@gmail.com | AT56: 813.3/268/SK/422.203/2010 | AU56: 10 Maret 2010 | AV56: 01/01/2010 | AW56: 821.13/70/422.203/2011 | AX56: 1 Desember 2011 | AY56: 01/01/2012 | AZ56: Pemerintah Pusat | BA56: 823.3/413/204/2018 | BB56: 28 Februari 2018 | BC56: 01/04/2018 | BD56: Pemerintah Provinsi | BE56: =K56 -> III/b | BF56: 821.2/117/204/2018 | BG56: 17 Januari 2018 | BH56: Sulies Setyowati | BI56: Kawin | BJ56: Imam Tarmudi | BL56: Wiraswasta | BM56: Tidak | BN56: 672221082652000 | BO56: 0402140321 | BP56: 3573015203750006 | BQ56: 082155670857 | BV56: =R56+1 -> 11 | BX56: =T56+1 -> 11
A57: 50 | B57: Any Novitasari, S.Pd. | C57: Kediri,21-11-1986 | D57: P | F57: 1 | G57: 198611212010012014 | H57: 19861121 201001 2 014 | I57: PNS | J57: Penata Muda Tk. I, III/b | K57: III/b | L57: 01/04/2018 | O57: 01/01/2010 | P57: 0 | Q57: 0 | R57: 10 | S57: 6 | T57: 10 | U57: 6 | V57: S1 | X57: 2009 | AA57: Bahasa Inggris | AB57: 1453764665300003 | AC57: =MID(G57,5,2) -> 11 | AD57: =MID(G57,1,4) -> 1986 | AE57: 01/12/2046 | AF57: =AD57+60 -> 2046 | AG57: 14056815710102 | AH57: 10/10/2014 | AI57: 141571768002 | AJ57: Islam | AK57: Jl. Erlangga 23 Ds. Ngadirejo RT. 002 / RW. 010 Kec. Kota Kediri | AL57: 3 | AM57: 7 | AN57: Gogorante | AO57: Gogorante | AP57: Kec. Ngasem | AQ57: 65124 | AR57: 081359268978 | AS57: zakurabiyori@gmail.com | AT57: 813.3/300/SK/422.203/2010 | AU57: 10 Maret 2010 | AV57: 01/01/2010 | AW57: 821.13/70/422.203/2011 | AX57: 1 Desember 2011 | AY57: 01/01/2012 | AZ57: Pemerintah Kab/Kota | BA57: 823.3/413/204/2018 | BB57: 28 Februari 2018 | BC57: 01/04/2018 | BD57: Pemerintah Provinsi | BE57: =K57 -> III/b | BF57: 821.2/44/SK/422.203/2012 | BG57: 26 September 2012 | BH57: - | BI57: Belum Kawin | BL57: Tidak bekerja | BM57: Tidak | BN57: 672221041655000 | BO57: 0402140097 | BP57: 3506256111860001 | BQ57: 085746536537 | BV57: =R57+1 -> 11 | BX57: =T57+1 -> 11
A58: 51 | B58: Uum Willatifa, S.Pd. | C58: Malang, 22 Oktober 1963 | D58: P | F58: 1 | G58: 196310222007012006 | H58: 19631022 200701 2 006 | I58: PNS | J58: Penata Muda Tk. I, III/b | K58: III/b | L58: 01/04/2012 | O58: 01/01/2007 | P58: 2 | Q58: 0 | R58: 15 | S58: 6 | T58: 15 | U58: 6 | V58: S1 | W58: PKN | X58: 1988 | AA58: Sejarah | AB58: 7354741641300003 | AC58: =MID(G58,5,2) -> 10 | AD58: =MID(G58,1,4) -> 1963 | AE58: 01/11/2023 | AF58: =AD58+60 -> 2023 | AG58: 11056820410113 | AH58: 05/10/2011 | AI58: 112041278002 | AJ58: Islam | AK58: Jl. Bukit Berbunga No. 257 Sidomulyo Batu | AL58: 3 | AM58: 10 | AN58: Sidomulyo | AO58: Sidomulyo | AP58: Kec. Batu | AQ58: 65317 | AR58: 085772002229 | AT58: 813.3/371/SK/422.024/2007 | AU58: 28 Desember 2007 | AV58: 01/01/2007 | AW58: 813.3/036.1/422.024/2009 | AX58: 16 April 2009 | AY58: 01/05/2009 | AZ58: Pemerintah Kota Batu | BA58: 823.3/16/SK/422.203/2012 | BB58: 27 Maret 2012 | BC58: 01/04/2012 | BD58: Pemerintah Kota Batu | BE58: =K58 -> III/b | BF58: 821.2/030/SK/422.203/2010 | BG58: 30 April 2010 | BH58: Narmiah | BI58: Janda/Duda | BJ58: - | BK58: - | BL58: - | BN58: 774993000628000 | BO58: 0402022728 | BP58: 3579016210630001 | BQ58: 085772002229 | BV58: =R58+1 -> 16 | BX58: =T58+1 -> 16
A59: 52 | B59: Distri Adi Setiawan, S.S | C59: Malang, 14-12-1983 | D59: L | E59: 1 | G59: 198312142011011005 | H59: 19831214 201101 1 005 | I59: PNS | J59: Penata Muda, III/a | K59: III/b | L59: 01/04/2020 | O59: 01/01/2011 | P59: 0 | Q59: 0 | R59: 9 | S59: 3 | T59: 9 | U59: 6 | V59: S1 | X59: 2006 | AA59: Bahasa Indonesia | AB59: 0546761663200033 | AC59: =MID(G59,5,2) -> 12 | AD59: =MID(G59,1,4) -> 1983 | AE59: 01/01/2044 | AF59: =AD59+60+1 -> 2044 | AG59: 16056815610013 | AH59: 28/12/2016 | AI59: 161561139060 | AJ59: Islam | AK59: Griya Permata Alam HR. 11 RT. 03 / RW. 11 Ngijo Karangploso Kab Malang | AL59: 15 | AM59: 3 | AN59: Watugede | AO59: Watugede | AP59: Kec. Singosari | AQ59: 65153 | AR59: 081335098499 | AS59: dis3adi@gmail.com | AT59: 813.3/36/SK/422.203/2011 | AU59: 11 Februari 2011 | AV59: 01/01/2011 | AW59: 813.3/53/SK/422.203/2012 | AX59: 3 Desember 2012 | AY59: 01/01/2013 | AZ59: Pemerintah Kab/Kota | BA59: 823.3/1079/204/2020 | BB59: 6 Maret 2020 | BC59: 01/4/2020 | BD59: Pemerintah Provinsi | BE59: =K59 -> III/b | BF59: 821.2/25/SK/422.203/2014 | BG59: 1 April 2014 | BH59: - | BI59: Kawin | BJ59: Endah Mila Amiati | BL59: PNS/TNI/Polri | BM59: Tidak | BN59: 352732085652000 | BO59: 0402152541 | BP59: 3573011412830005 | BQ59: 081335098499 | BV59: =R59+1 -> 10 | BX59: =T59+1 -> 10
A60: 53 | B60: Ardianto, S.Pd. | C60: Sidoarjo, 08-07-1974 | D60: L | E60: 1 | G60: 197407082010011008 | H60: 19740708 201001 1 008 | I60: PNS | J60: Penata Muda Tk. I, III/b | K60: III/b | L60: 01/10/2016 | M60: 16 | N60: 8 | O60: 01/01/2010 | P60: 9 | Q60: 10 | R60: 16 | S60: 8 | T60: 16 | U60: 11 | V60: S1 | W60: Pend. Olahraga | X60: 1998 | AA60: PENJASKES | AB60: 2040752656300003 | AE60: 01/082034 | AF60: 2034 | AG60: 07056822000003 | AH60: 22/04/2008 | AJ60: Kresten/Protestan | AK60: Jl. Darsono Gg. XII No. 25 RT. 007/RW.010 Ngaglik Batu | AL60: 7 | AM60: 10 | AN60: Ngaglik | AO60: Ngalik | AP60: Kec. Batu | AQ60: 65311 | AR60: 081336184769 | AT60: 813.3/330/SK/422.203/2010 | AU60: 10 Maret 2010 | AV60: 01/01/2010 | AW60: 821.13/70/422.203/2011 | AX60: 01 Desember 2011 | AY60: 01/01/2012 | AZ60: Pemerintah Kota Batu | BA60: 823.3/36/SK/422.203/2016 | BB60: 23 September 2016 | BC60: 01/10/2016 | BD60: Pemerintah Kota Batu | BE60: =K60 -> III/b | BF60: 821.2/44/SK/422.203/2012 | BG60: 26 September 2012 | BH60: Hartatik | BI60: Kawin | BJ60: Tri Yanti Yuliastuti | BL60: Guru | BN60: 571977362628000 | BP60: 3579010807740001 | BQ60: 081336184769 | BV60: =R60+1 -> 17
A61: 54 | B61: Amandus Gabhe Jao, S.S | C61: Doberako, 10-02-1970 | D61: L | E61: 1 | G61: 197002102009031001 | H61: 19700210 200903 1 001 | I61: PNS | J61: Penata Muda, III/a | K61: III/a | L61: 01/03/2011 | O61: 01/03/2009 | P61: 6 | Q61: 1 | R61: 17 | S61: 5 | T61: 17 | U61: 5 | V61: S1 | X61: 2003 | AA61: Pend. Agama Katolik | AB61: 1542748651200022 | AC61: =MID(G61,5,2) -> 02 | AD61: =MID(G61,1,4) -> 1970 | AE61: 01/03/2030 | AF61: =AD61+60 -> 2030 | AG61: 12056813020030 | AH61: 01/11/2012 | AI61: 121302546002 | AJ61: Katholik | AK61: Jl. Trunojoyo I Gg. Kemuning No. 12 Songgokerto Batu | AL61: 5 | AM61: 12 | AO61: Bandungrejosari | AP61: Kec. Sukun | AQ61: 65148 | AR61: 081334255393 | AS61: amandus70gabhejao@yahoo.com | AT61: 813.3/0285/SK/422.402/2009 | AU61: 29 April 2009 | AV61: 01/03/2009 | AW61: 821.13/173/422.203/2011 | AX61: 25 Januari 2011 | AY61: 01/03/2009 | AZ61: Pemerintah Kab/Kota | BA61: 821.13/173/422.203/2011 | BB61: 25 Januari 2011 | BC61: 01/03/2011 | BD61: Pemerintah Kota Batu | BE61: =K61 -> III/a | BF61: 821.2/057/SK/422.203/2011 | BG61: 9 Agustus 2011 | BH61: Sabina Sada | BI61: Kawin | BJ61: Jumiati | BK61: 196801272008012009 | BL61: PNS/TNI/Polri | BM61: Ya | BN61: 087330056623000 | BO61: 0402115556 | BP61: 3573041002700001 | BQ61: 081334255393 | BV61: =R61+1 -> 18 | BX61: =T61+1 -> 18
A62: 55 | B62: Suhariyanti, S.Sos, M.Sos | C62: Malang,09-11-1974 | D62: P | F62: 1 | G62: 197411092014122001 | H62: 19741109 201412 2 001 | I62: PNS | J62: Penata Muda, III/a | K62: III/a | L62: 01/03/2016 | O62: 01/12/2014 | P62: 10 | Q62: 3 | R62: 15 | S62: 10 | T62: 15 | U62: 10 | V62: S2 | X62: 2020 | AA62: Antropologi | AB62: 2441752654300053 | AC62: =MID(G62,5,2) -> 11 | AD62: =MID(G62,1,4) -> 1974 | AE62: 01/12/2034 | AF62: =AD62+60 -> 2034 | AG62: 16056821510413 | AH62: 27/12/2016 | AI62: 162151100027 | AJ62: Islam | AK62: Jl. Kedawung IX A/18 RT. 002 / RW. 006 Lowokwaru KotaMalang | AL62: 2 | AM62: 6 | AN62: Tulus Rejo | AO62: Tulus Rejo | AP62: Kec. Lowokwaru | AQ62: 65141 | AR62: 08125298230 | AS62: rezarizqy2009@yahoo.com | AT62: 813.3/02/SK/422.203/2015 | AU62: 30 Januari 2015 | AV62: 01/12/2014 | AW62: 821.13/07/SK/422.203/2016 | AX62: 18 Pebruari 2016 | AY62: 01/03/2016 | AZ62: Pemerintah Kab/Kota | BA62: 821.13/07/SK/422.203/2016 | BB62: 18 Februari 2016 | BC62: 01/03/2016 | BD62: Pemerintah Kota Batu | BE62: =K62 -> III/a | BF62: 821.2/4700/204/2019 | BG62: 17 Oktober 2019 | BH62: Sutiami | BI62: Kawin | BJ62: Olan Rijadi | BL62: Karyawan Swasta | BM62: Tidak | BN62: 557852076652000 | BO62: 0402217391 | BP62: 3573054911740004 | BQ62: 083834791147 | BV62: =R62+1 -> 16 | BX62: =T62+1 -> 16
A63: 56 | B63: Heny Nurmayanto, S.Sn | C63: Batu,12-01-1982 | D63: L | E63: 1 | G63: 198201122009031006 | H63: 19820112 200903 1 006 | I63: PNS | J63: Penata Muda, III/a | K63: III/a | L63: 01/03/2011 | O63: 01/03/2009 | P63: 0 | Q63: 0 | R63: 11 | S63: 4 | T63: 11 | U63: 4 | V63: S1 | X63: 2006 | AA63: Seni Budaya | AB63: 5444760662200032 | AC63: =MID(G63,5,2) -> 01 | AD63: =MID(G63,1,4) -> 1982 | AE63: 01/02/2042 | AF63: =AD63+60 -> 2042 | AG63: 16056821710428 | AH63: 28/12/2016 | AI63: 162171112785 | AJ63: Islam | AK63: Jl. Gambir Anom No. 6 RT. 04 / RW. 02 Sumberejo Batu | AL63: 4 | AM63: 2 | AN63: Sumberejo | AO63: Sumberejo | AP63: Kec. Batu | AQ63: 65318 | AR63: 08563547479 | AS63: henynurmayanto@yahoo.com | AT63: 813.3/0193/sk/422.402/2009 | AU63: 29 April 2009 | AV63: 01/03/2009 | AW63: 821.13/173/422.203/2011 | AX63: 25 Januari 2011 | AY63: 01/03/2011 | AZ63: Pemerintah Propinsi | BA63: 821.13/173/422.203/2011 | BB63: 25 Januari 2011 | BC63: 01/03/2011 | BD63: Pemerintah Kota Batu | BE63: =K63 -> III/a | BF63: 821.2/057/SK/422.203/2011 | BG63: 9 Agustus 2011 | BH63: Arbaatiningsih | BI63: Kawin | BJ63: Fairuz | BL63: Tidak bekerja | BM63: Tidak | BN63: 244641957628000 | BO63: 0402115726 | BP63: 3579011201820001 | BQ63: 08563547479 | BV63: =R63+1 -> 12 | BX63: =T63+1 -> 12
A64: 57 | B64: Indah Herawati, S.Si | C64: Batu-Malang, 30-04-1980 | D64: P | F64: 1 | G64: 198004302010012006 | H64: 19800430 201001 2 006 | I64: PNS | J64: Penata Muda, III/a | K64: III/a | L64: 01/01/2012 | O64: 01/01/2010 | P64: 0 | Q64: 0 | R64: 10 | S64: 6 | T64: 10 | U64: 6 | V64: S1 | X64: 2005 | AA64: Matematika | AB64: 3336758660300005 | AC64: =MID(G64,5,2) -> 04 | AD64: =MID(G64,1,4) -> 1980 | AE64: 01/05/2040 | AF64: =AD64+60 -> 2040 | AG64: 13056818010046 | AH64: 02/12/2013 | AI64: 131801971010 | AJ64: Islam | AK64: Jl. Bromo Gg.II, N0 15 RT. 04 / RW. 12 Sisir Batu | AL64: 4 | AM64: 12 | AO64: Sisir | AP64: Kec. Batu | AQ64: 65314 | AR64: 085646645524 | AS64: indah_herawatie@yahoo.com | AT64: 813.3/92/SK/422.203/2010 | AU64: 10 Maret 2010 | AV64: 01/01/2010 | AW64: 821.13/70/422.203/2011 | AX64: 1 Desember 2011 | AY64: 01/01/2012 | AZ64: Pemerintah Kab/Kota | BA64: 821.13/70/422.203/2011 | BB64: 1 Desember 2011 | BC64: 01/01/2012 | BD64: Pemerintah Kota Batu | BE64: =K64 -> III/a | BF64: 821.2/25/SK/422.203/2014 | BG64: 1 April 2014 | BH64: Jumainah | BI64: Kawin | BJ64: Sugianto | BL64: Karyawan Swasta | BM64: Tidak | BO64: 0402133431 | BP64: 3579017004800002 | BQ64: 085718140155 | BV64: =R64+1 -> 11 | BX64: =T64+1 -> 11
A65: 58 | B65: Eko Prayudi, Lc | C65: Ponorogo, 09-12-1978 | D65: L | E65: 1 | G65: 197812092011011007 | H65: 19781209 201101 1 007 | I65: PNS | J65: Penata Muda, III/a | K65: III/a | L65: 01/01/2013 | O65: 01/01/2011 | P65: 0 | Q65: 0 | R65: 9 | S65: 6 | T65: 9 | U65: 6 | V65: S1 | X65: 2004 | AA65: Pend. Agama Islam | AB65: 4541756658110053 | AC65: =MID(G65,5,2) -> 12 | AD65: =MID(G65,1,4) -> 1978 | AE65: 01/01/2039 | AF65: =AD65+60+1 -> 2039 | AJ65: Islam | AK65: Jl. Ikhwan Hadi Gg 5 No. 18 A RT. 03 / RW. 06 Ngaglik Batu | AL65: 3 | AM65: 6 | AN65: Ngaglik | AO65: Ngaglik | AP65: Kec. Batu | AQ65: 65311 | AR65: 08123389983 | AS65: exosmaba@gmail.com | AT65: 813.3/35/SK/422.203/2011 | AU65: 11 Februari 2011 | AV65: 01/01/2011 | AW65: 821.13/53/SK/422.203/2012 | AX65: 3 Desember 2012 | AY65: 01/01/2013 | AZ65: Pemerintah Kab/Kota | BA65: 821.13/53/SK/422.203/2012 | BB65: 3 Desember 2012 | BC65: 01/01/2013 | BD65: Pemerintah Kota Batu | BE65: =K65 -> III/a | BF65: 821.2/25/SK/422.203/2014 | BG65: 1 April 2014 | BH65: - | BI65: Kawin | BJ65: Fitria Damayanti | BK65: 198102082006042310 | BL65: PNS/TNI/Polri | BM65: Tidak | BN65: 453618456628000 | BO65: 0402149850 | BP65: 3579010912780004 | BQ65: 08123389983 | BV65: =R65+1 -> 10 | BX65: =T65+1 -> 10
A66: 59 | B66: Nur Fadhilah, S.Pd | C66: Blitar, 15-05-1983 | D66: L | E66: 1 | G66: 198305152011011009 | H66: 19830515 201101 1 009 | I66: PNS | J66: Penata Muda, III/a | K66: III/a | L66: 01/01/2013 | O66: 01/01/2011 | P66: 0 | Q66: 0 | R66: 9 | S66: 6 | T66: 9 | U66: 6 | V66: S1 | X66: 2006 | AA66: Bimbingan Konseling | AB66: 6847761662120002 | AC66: =MID(G66,5,2) -> 05 | AD66: =MID(G66,1,4) -> 1983 | AE66: 01/06/2043 | AF66: =AD66+60 -> 2043 | AG66: 18056881010018 | AI66: 188101159297 | AJ66: Islam | AK66: Griya Kebon Agung Indah Blok S-5 Kebonagung Kota Malang | AL66: 8 | AM66: 10 | AN66: Temas | AO66: Temas | AP66: Kec. Batu | AQ66: 65315 | AR66: 081332498873 | AS66: pakfadhil583@gmail.com | AT66: 813.3/33/SK/422.203/2011 | AU66: 11 Februari 2011 | AV66: 01/01/2011 | AW66: 821.13/53/SK/422.203/2012 | AX66: 3 Desember 2012 | AY66: 01/01/2013 | AZ66: Pemerintah Kab/Kota | BA66: 821.13/53/SK/422.203/2012 | BB66: 3 Desember 2012 | BC66: 01/01/2013 | BD66: Pemerintah Kota Batu | BE66: =K66 -> III/a | BF66: 821.2/25/SK/422.203/2014 | BG66: 1 April 2014 | BH66: - | BI66: Kawin | BJ66: Ovi Vaulina | BL66: Wiraswasta | BM66: Tidak | BN66: 452039464628000 | BO66: 0402153237 | BP66: 3505031505830003 | BQ66: 08113279791 | BV66: =R66+1 -> 10 | BX66: =T66+1 -> 10
A67: 60 | B67: Lailatul Muniroh, S.S | C67: Batu, 28-02-1985 | D67: P | F67: 1 | G67: - | H67: - | I67: NON PNS | J67: - | K67: - | L67: - | O67: 17/07/2006 | T67: 14 | U67: 0 | V67: S1 | X67: 2009 | AA67: Bhs. Jepang | AB67: 2560763664300052 | AE67: - | AF67: - | AK67: Jl. Wukir RT. 03/RW. 05 Temas Batu | AL67: 3 | AM67: 5 | AN67: Temas | AO67: Temas | AP67: Batu | AQ67: 65315 | AR67: 028578553587 | AT67: 800/307/422.012.01.I/2006 | AU67: 1 Agustus 2006 | AV67: 17/07/2006 | BE67: =J67 -> - | BO67: 0402280565 | BP67: 3579016802850005 | BQ67: 028578553587 | BX67: =T67+1 -> 15
A68: 61 | B68: Diana Irawati,S.Pd | C68: Sumenep, 10-09-1981 | D68: P | F68: 1 | G68: - | H68: - | I68: NON PNS | J68: - | K68: - | L68: - | O68: 01/04/2007 | T68: 13 | U68: 3 | V68: S1 | X68: 2005 | AA68: Prakarya | AB68: 1242759663300003 | AE68: - | AF68: - | AK68: Perum Junrejo Regency A No. 5, RT. 04/RW. 08 Junrejo Batu | AL68: 4 | AM68: 8 | AN68: Junrejo | AO68: Junrejo | AP68: Junrejo | AQ68: 65321 | AR68: 081247239608 | AT68: 800/393/422.012.01.I/2007 | AU68: 23 Juli 2007 | AV68: 01/04/2007 | BE68: =J68 -> - | BO68: 0402249536 | BP68: 3507225009810002 | BQ68: 081247239608 | BX68: =T68+1 -> 14
A69: 62 | B69: Ahmad Muhajir RH, S.Pd | C69: Malang, 26-08-1982 | D69: L | E69: 1 | G69: - | H69: - | I69: NON PNS | J69: - | K69: - | L69: - | O69: 22/05/2007 | T69: 13 | U69: 2 | V69: S1 | X69: 2006 | AA69: PENJASKES | AB69: 6158760662200013 | AE69: - | AF69: - | AK69: Jl. Gajayana 535 RT. 07/RW. 01 Lowokwaru Malang | AL69: 7 | AM69: 1 | AN69: Gajayana | AO69: Lowokwaru | AP69: Lowokwaru | AQ69: 65144 | AR69: 081931895675 | AT69: 800/393/422.012.01.I/2007 | AU69: 23 Juli 2007 | AV69: 22/05/2007 | BE69: =J69 -> - | BO69: 0402249510 | BP69: 3573052608820002 | BQ69: 081931895675 | BX69: =T69+1 -> 14
A70: 63 | B70: Suwil Roidah, S.Pd | C70: Batu, 12-07-1984 | D70: P | F70: 1 | G70: - | H70: - | I70: NON PNS | J70: - | K70: - | L70: - | O70: 01/07/2011 | T70: 9 | U70: 0 | V70: S1 | X70: 2007 | AA70: Ekonomi | AB70: 4044762663130203 | AE70: - | AF70: - | AK70: Jl. Purwosenjoto RT. 05/RW. 04 Bumiajo Batu | AL70: 5 | AM70: 4 | AN70: Bulukerto | AO70: Bulukerto | AP70: Bumiaji | AR70: 085749680068 | AT70: 800/503/422.012.01.I/2011 | AU70: 9 Juli 2011 | AV70: 01/07/2011 | BE70: =J70 -> - | BO70: 0402249188 | BP70: 3579035207840001 | BQ70: 085749680068 | BX70: =T70+1 -> 10
A71: 64 | B71: Dwi Subagja, S.Pd | C71: Blitar, 08-09-1969 | D71: L | E71: 1 | G71: - | H71: - | I71: NON PNS | J71: - | K71: - | L71: - | O71: 05/10/2011 | T71: 8 | U71: 9 | V71: S1 | X71: 1998 | AA71: Karawitan | AB71: - | AE71: - | AF71: - | AK71: Jl. Da'ib RT. 07/RW/ 07 Tlekung Junrejo Batu | AL71: 7 | AM71: 7 | AN71: Tlekung | AO71: Tlekung | AP71: Junrejo | AQ71: 65333 | AR71: 081249732100 | AT71: 800/503/422.012.01.I/2011 | AU71: 5 Oktober 2011 | AV71: 05/10/2011 | BE71: =J71 -> - | BO71: 0402220147 | BP71: 3505110809690001 | BQ71: 081249732100 | BX71: =T71+1 -> 9
A72: 65 | B72: Defri Mustika Rani, M.Pd. | C72: Madiun, 28-04-1989 | D72: P | F72: 1 | G72: - | H72: - | I72: NON PNS | J72: - | K72: - | L72: - | O72: 04/09/2013 | T72: 6 | U72: 10 | V72: S2 | X72: 2016 | AA72: Bahasa jawa | AB72: 9760767668130182 | AE72: - | AF72: - | AK72: Jl. TVRI Krajan RT. 02 / RW. 03 Oro Oro Ombo Batu | AL72: 2 | AM72: 3 | AN72: Oro oro Ombo | AO72: Oro oro Ombo | AP72: Batu | AQ72: 65316 | AR72: 085856767372 | AT72: 800/296/422.102.01.I/2013 | AU72: 4 September2013 | AV72: 04/09/2013 | BE72: =J72 -> - | BO72: 0402281871 | BP72: 3579016804890004 | BQ72: 085856767372 | BX72: =T72+1 -> 7
A73: 66 | B73: Pinten Setyowibowo, S.Pd. | C73: Malang, 20-11-1965 | D73: L | E73: 1 | G73: - | H73: - | I73: NON PNS | J73: - | K73: - | L73: - | O73: 15/07/2014 | T73: 6 | U73: 0 | V73: S1 | X73: 1992 | AA73: Kesenian | AB73: 1452743646110053 | AE73: - | AF73: - | AG73: 13056821710109 | AH73: 15/10/2013 | AI73: 132171648002 | AK73: Jl. Arjuno 30 RT.02 / RW. 08 Sisir Batu | AL73: 2 | AM73: 8 | AN73: Sisir | AO73: Sisir | AP73: Batu | AQ73: 65314 | AR73: 085100180841 | AT73: 800/622/422.102.01.I/2014 | AU73: 15 Juli 2014 | AV73: 15/07/2014 | BE73: =J73 -> - | BO73: 0402123311 | BP73: 3573022011650006 | BQ73: 085100180841 | BX73: =T73+1 -> 7
A74: 67 | B74: Mardiyah Putri Astuti, M.Pd. | C74: Malang, 21-03-1990 | D74: P | F74: 1 | G74: - | H74: - | I74: NON PNS | J74: - | K74: - | L74: - | O74: 15/07/2014 | T74: 6 | U74: 0 | V74: S2 | X74: 2016 | AA74: Bahasa jawa | AB74: 1653768669130142 | AE74: - | AF74: - | AK74: Jl. Diponegoro 119, RT. 05/RW. 2 Sisir Batu | AL74: 5 | AM74: 2 | AN74: Sisir | AO74: Sisir | AP74: Batu | AQ74: 65314 | AR74: 081230937669 | AT74: 800/622/422.102.01.I/2014 | AU74: 15 Juli 2014 | AV74: 15/07/2014 | BE74: =J74 -> - | BO74: 0402282541 | BP74: 3579016103900005 | BQ74: 081230937669 | BX74: =T74+1 -> 7
A75: 68 | B75: Ribkha Ayu Adiningtyas, S.Pd. | C75: Batu, 22-03-1992 | D75: P | F75: 1 | G75: - | H75: - | I75: NON PNS | J75: - | K75: - | L75: - | O75: 15/07/2014 | T75: 6 | U75: 0 | V75: S1 | X75: 2014 | AA75: Sejarah | AB75: 4654770671130102 | AE75: - | AF75: - | AK75: Krajan RT. 07/RW. 03 Pujon Malang | AL75: 7 | AM75: 3 | AN75: Krajan | AO75: Pujon | AP75: Pujon | AQ75: 65391 | AR75: 081283038032 | AT75: 800/622/422.102.01.I/2014 | AU75: 15 Juli 2014 | AV75: 15/07/2014 | BE75: =J75 -> - | BO75: 0402282533 | BP75: 3507266203920003 | BQ75: 081283038032 | BX75: =T75+1 -> 7
A76: 69 | B76: Amitha Mustika Damayanti, S.Pd | C76: Batu, 19-02-1992 | D76: P | F76: 1 | G76: - | H76: - | I76: NON PNS | J76: - | K76: - | L76: - | O76: 15/07/2014 | T76: 6 | U76: 0 | V76: S1 | X76: 2014 | AA76: Sejarah | AB76: 0551770671130132 | AE76: - | AF76: - | AK76: Jl. Raya Junrejo 17, RT. 03 / RW. 01 Junrejo | AL76: 3 | AM76: 1 | AN76: Junrejo | AO76: Junrejo | AP76: Junrejo | AQ76: 65321 | AR76: 082187271650 | AT76: 800/622/422.102.01.I/2014 | AU76: 15 Juli 2014 | AV76: 15/07/2014 | BE76: =J76 -> - | BO76: 0402282509 | BP76: 3579035902920002 | BQ76: 082187271650 | BX76: =T76+1 -> 7
A77: 70 | B77: Lailaus Naeni, S.Pd | C77: Malang, 07-05-1990 | D77: P | F77: 1 | G77: - | H77: - | I77: NON PNS | J77: - | K77: - | L77: - | O77: 27/07/2015 | T77: 5 | U77: 0 | V77: S1 | X77: 2014 | AA77: Bhs. Jawa | AB77: - | AE77: - | AF77: - | AK77: Jl. Ceamara Kipas 118 RT.01/RW.01 Sidomulyo Batu | AL77: 1 | AM77: 1 | AN77: Sidomulyo | AO77: Sidomulyo | AP77: Batu | AQ77: 65317 | AR77: 08990334698 | AT77: 800/1371/422.102.01.I/2015 | AU77: 27 Juli 2015 | AV77: 27/07/2015 | BE77: =J77 -> - | BO77: 0402282517 | BP77: 3579014705900004 | BQ77: 08990334698 | BX77: =T77+1 -> 6
A78: 71 | B78: Aviv Ardhillah Risqa, S.Pd | C78: Batu, 04-12-1989 | D78: L | E78: 1 | G78: - | H78: - | I78: NON PNS | J78: - | K78: - | L78: - | O78: 03/07/2017 | T78: 3 | U78: 0 | V78: S1 | X78: 2014 | AA78: Matematika | AB78: 8536767668130183 | AE78: - | AF78: - | AK78: Jl. Dewi Sartika RT. 02/RW. 09 Temas Batu | AL78: 2 | AM78: 9 | AN78: Temas | AO78: Temas | AP78: Batu | AQ78: 65315 | AR78: 085259854034 | AT78: 800/1024/422.102.01.I/2017 | AU78: 3 Juli 2017 | AV78: 03/07/2017 | BE78: =J78 -> - | BO78: 0402282703 | BP78: 3579010412890001 | BQ78: 085259854034 | BX78: =T78+1 -> 4
A79: 72 | B79: Yeni Tri Wulandari, S.Pd | C79: Batu, 05-01-1983 | D79: P | F79: 1 | G79: - | H79: - | I79: NON PNS | J79: - | K79: - | L79: - | O79: 03/07/2017 | T79: 3 | U79: 0 | V79: S1 | X79: 2012 | AA79: Matematika | AB79: 4437761662230192 | AE79: - | AF79: - | AK79: Jl. Diponegoro 115, RT. 07/RW. 01 Sisir Batu | AM79: 1 | AN79: Sisir | AO79: Sisir | AP79: Batu | AQ79: 65314 | AR79: 081213716092 | AT79: 800/1024/422.102.01.I/2017 | AU79: 3 Juli 2017 | AV79: 03/07/2017 | BE79: =J79 -> - | BO79: 0402250941 | BP79: 3201134501830002 | BQ79: 081213716092 | BX79: =T79+1 -> 4
A80: 73 | B80: Panji Penatas, S.Pd. | C80: Malang, 08-06-1990 | D80: L | E80: 1 | G80: - | H80: - | I80: NON PNS | J80: - | K80: - | L80: - | O80: 04/09/2017 | T80: 2 | U80: 10 | V80: S1 | X80: 2015 | AA80: Sejarah | AB80: - | AE80: - | AF80: - | AK80: Jl. Patimura Gg. VI No. 19 RT. 01/ RW. 07 Temas Batu | AL80: 1 | AM80: 7 | AN80: Temas | AO80: Temas | AP80: Batu | AQ80: 65315 | AR80: 0895337139132 | AT80: 800/ 1024 /101.6.10.26/2017 | AU80: 4 September 2017 | AV80: 04/09/2017 | BE80: =J80 -> - | BO80: 0402 | BP80: 3579010806900001 | BQ80: 0895337139132 | BX80: =T80+1 -> 3
A81: 74 | B81: Restu Lenny Medikawati, S.Pd. | C81: Malang, 17 Agustus 1996 | D81: P | F81: 1 | G81: - | H81: - | I81: NON PNS | J81: - | K81: - | L81: - | O81: 02/01/2020 | T81: 0 | U81: 6 | V81: S1 | W81: Bhs. Jawa | X81: 2019 | AA81: Bahasa Jawa | AB81: - | AE81: - | AF81: - | AK81: Dusun Krajan - Giripurno Kec. Bumiaji Kota Batu | AL81: 39 | AM81: 6 | AN81: Krajan | AO81: Giripurno | AP81: Bumiaji | AQ81: 65333 | AR81: 0895348336518 | AS81: restulenny231@gmail.com | AT81: 800/15/101.6.10.26/2020 | AU81: 2 Januari 2020 | AV81: 43862 | BO81: 0402338831 | BP81: 5579025708960003 | BQ81: 0895348336518 | BX81: =T81+1 -> 1
A82: 75 | B82: Latih Yusdiansah, S.Pd. | C82: Jombang, 13 Juli 1990 | D82: L | E82: 1 | G82: - | H82: - | I82: NON PNS | J82: - | K82: - | L82: - | O82: 01/07/2020 | T82: 0 | U82: 0 | V82: S1 | W82: Adm. Pend. | X82: 2015 | AA82: Seni Musik | AB82: - | AE82: - | AF82: - | AK82: Wangkuk RT. 002/RW. 002 Warukkalong Kec. Kwadungan | AL82: 2 | AM82: 3 | AN82: Wangkuk | AO82: Warukkalong | AP82: Kwadungan | AR82: 0819397100234 | AT82: 800/732/101.6.10.26/2020 | AU82: 1 Juli 2020 | AV82: 1 Juli 2020 | BX82: =T82+1 -> 1
BE84: =J84 -> 0
A85: 1 | B85: Fera Irawati, S.Pd. | C85: Malang, 23-02-1981 | D85: P | F85: 1 | G85: 198102232005012006 | H85: 19810223 200501 2 006 | I85: PNS | J85: Penata Tk. I, III/d | K85: III/d | L85: 01/10/2017 | O85: 01/01/2005 | P85: 0 | Q85: 0 | R85: 14 | S85: 6 | T85: 15 | U85: 6 | V85: S1 | X85: 2004 | AA85: Bendahara BOS | AB85: 5657000000000103 | AE85: 01/03/2039 | AF85: 2039 | AG85: - | AH85: - | AI85: - | AJ85: Islam | AK85: Jl. Dewi Sartika 3H no. 33 RT. 9 / RW. 10 Temas Batu | AL85: 9 | AM85: 10 | AN85: Temas | AO85: Temas | AP85: Batu | AQ85: 65315 | AR85: 085736321339 | AT85: 813.3/181/422.024/2005 | AU85: 1 April 2005 | AV85: 01/01/2005 | AW85: 821.13/186/SK/422.024/2006 | AX85: 1 September 2006 | AY85: 01/10/2006 | BA85: 823.3/1579/204/2017 | BB85: 4 September 2017 | BC85: 01/10/2017 | BD85: Pemerintah Kota Batu | BE85: =K85 -> III/d | BO85: 0402148667 | BP85: 3579016302810005 | BQ85: 085736321339 | BV85: =R85+1 -> 15 | BX85: =T85+1 -> 16
A86: 2 | B86: Sri Mulyati, A.Md.Pd | C86: Malang, 14-09-1964 | D86: P | F86: 1 | G86: 196409142008012004 | H86: 19640914 200801 2 004 | I86: PNS | J86: Penata Muda, III/a | K86: III/a | L86: 01/10/2016 | O86: 01/01/2008 | P86: 6 | Q86: 0 | R86: 12 | S86: 6 | T86: 18 | U86: 6 | V86: D3 | X86: 1992 | AA86: Laboran Kimia | AB86: 2246742643300043 | AE86: 01/10/2022 | AF86: 2022 | AG86: - | AH86: - | AI86: - | AJ86: Islam | AK86: Jl. Dewi Sartika III B/RT 08/RW 09 Temas Kota Batu | AL86: 8 | AM86: 9 | AN86: Temas | AO86: Temas | AP86: Batu | AQ86: 65315 | AR86: 085649669879 | AT86: 813.2/013/SK/422.402/2009 | AU86: 22 April 2009 | AV86: 01/01/2008 | AW86: 821.17/038/SK/422.203/2010 | AX86: 27 Mei 2010 | AY86: 01/06/2010 | BA86: 823.3/36/SK/422.203/2016 | BB86: 23 September 2016 | BC86: 01/10/2016 | BD86: Pemerintah Kota Batu | BE86: =K86 -> III/a | BO86: 0402140071 | BP86: 3579015409640002 | BQ86: 085649669879 | BV86: =R86+1 -> 13 | BX86: =T86+1 -> 19
A87: 3 | B87: Hasdian Lestyarini, A.Md | C87: Banyuwangi, 14-09-1968 | D87: P | F87: 1 | G87: 196809142010012001 | H87: 19680914 201001 2 001 | I87: PNS | J87: Penata Muda, III/a | K87: III/a | L87: 01/04/2018 | O87: 01/01/2010 | P87: 8 | Q87: 0 | R87: 11 | S87: 3 | T87: 18 | U87: 6 | V87: D3 | X87: 1992 | AA87: Pengadministrasi Kurikulum | AB87: 4246746651300003 | AE87: 01/10/2026 | AF87: 2026 | AG87: - | AH87: - | AI87: - | AJ87: Islam | AK87: Jl. Pakis No. 31 RT. 02 / RW. 07 Oro Oro Ombo Batu | AL87: 2 | AM87: 7 | AN87: Oro oro Ombo | AO87: Oro oro Ombo | AP87: Batu | AQ87: 65316 | AR87: 081216358010 | AT87: 813.2/43/SK/422.402/2010 | AU87: 24 Februari 2010 | AV87: 01/01/2010 | AW87: 821.12/70/422.203/2011 | AX87: 1 Desember 2011 | AY87: 01/01/2011 | BA87: 823.3/190/204/2018, | BB87: 29 Januari 2018 | BC87: 01/04/2018 | BD87: Pemerintah Provinsi | BE87: =K87 -> III/a | BO87: 0402140402 | BP87: 3579015409680004 | BQ87: 081216358010 | BV87: =R87+1 -> 12 | BX87: =T87+1 -> 19
A88: 4 | B88: Yanto, S.Mat. | C88: Malang, 30-10-1985 | D88: L | E88: 1 | G88: 198510302006041010 | H88: 19851030 200604 1 010 | I88: PNS | J88: Pengatur Muda Tk. I, II/d | K88: II/d | L88: 01/04/2018 | O88: 01/04/2006 | P88: 0 | Q88: 0 | R88: 13 | S88: 3 | T88: 14 | U88: 3 | V88: S1 | X88: 2013 | AA88: Operator Dapodik | AB88: 5657000000000105 | AE88: 01/11/2043 | AF88: 2043 | AG88: - | AH88: - | AI88: - | AJ88: Islam | AK88: Jl. Wukir Gg. IV RT. 04 / RW. 11 Temas Bat | AL88: 4 | AM88: 11 | AN88: Temas | AO88: Temas | AP88: Batu | AQ88: 65315 | AR88: 085755733011 | AT88: 813.2/073/SK/422.024/2006 | AU88: 1 Agustus 2006 | AV88: 01/04/2006 | AW88: 821.12/012/422.024/2008 | AX88: 10 Maret 2008 | AY88: 01/04/2008 | BA88: 823.2/189/204/2018 | BB88: 29 Januari 2018 | BC88: 01/04/2018 | BD88: Pemerintah Provinsi | BE88: =K88 -> II/d | BO88: 0402089725 | BP88: 3579013010850001 | BQ88: 085755733011 | BV88: =R88+1 -> 14 | BX88: =T88+1 -> 15
A89: 5 | B89: Mohamad Tamtowi, S.E. | C89: Malang, 22-09-1966 | D89: L | E89: 1 | G89: 196609222010011001 | H89: 19660922 201001 1 001 | I89: PNS | J89: Pengatur, II/c | K89: II/c | L89: 01/04/2018 | O89: 01/01/2010 | P89: 5 | Q89: 2 | R89: 14 | S89: 8 | T89: 15 | U89: 8 | V89: S1 | X89: 2014 | AA89: Pengadministrasi Sarpras | AB89: 1254744649200003 | AE89: 01/10/2024 | AF89: 2024 | AG89: - | AH89: - | AI89: - | AJ89: Islam | AK89: Jl. Kenangan No. 2 RT. 03 / RW. 04 Dadaprejo Junrejo Batu | AL89: 3 | AM89: 4 | AN89: Dadaprejo | AO89: Dadaprejo | AP89: Junrejo | AQ89: 65321 | AR89: 085804037122 | AT89: 813.2/39/SK/422.203/2010 | AU89: 24 Februari 2010 | AV89: 01/01/2010 | AW89: 821.12/70/422.203/2011 | AX89: 1 Desember 2011 | AY89: 01/01/2012 | BA89: 823.2/189/204/2018 | BB89: 29 Januari 2018 | BC89: 01/04/2018 | BD89: Pemerintah Provinsi | BE89: =K89 -> II/c | BO89: 0402140453 | BP89: 3579032209660002 | BQ89: 085804037122 | BV89: =R89+1 -> 15 | BX89: =T89+1 -> 16
A90: 6 | B90: Muhaimin, S.E. | C90: Malang, 10-10-1978 | D90: L | E90: 1 | G90: 197810102009031002 | H90: 19781010 200903 1 002 | I90: PNS | J90: Pengatur, II/c | K90: II/c | L90: 01/04/2018 | O90: 01/03/2009 | P90: 4 | Q90: 2 | R90: 14 | S90: 6 | T90: 15 | U90: 6 | V90: S1 | X90: 2013 | AA90: Pengadministrasi Kepegawaian | AB90: 7342756659200013 | AE90: 01/11/2036 | AF90: 2036 | AG90: - | AH90: - | AI90: - | AJ90: Islam | AK90: Jl. Kawi No. 46/61 RT. 06 /RW. 06 Sisir Batu | AL90: 6 | AM90: 6 | AN90: Sisir | AO90: Sisir | AP90: Batu | AQ90: 65314 | AR90: 081235025515 | AT90: 813.2/0115/SK/422.402/2009 | AU90: 22 April 2009 | AV90: 01/03/2009 | AW90: 821.12/173/422.203/2011 | AX90: 25 Januari 2011 | AY90: 01/03/2011 | BA90: 823.2/189/204/2018 | BB90: 29 Januari 2018 | BC90: 01/04/2018 | BD90: Pemerintah Provinsi | BE90: =K90 -> II/c | BO90: 0402140143 | BP90: 3579011010780010 | BQ90: 081235025515 | BV90: =R90+1 -> 15 | BX90: =T90+1 -> 16
A91: 7 | B91: Sholikhin | C91: Malang, 24-05-1966 | D91: L | E91: 1 | G91: 196605242010011002 | H91: 19660524 201001 1 002 | I91: PNS | J91: Pengatur, II/c | K91: II/c | L91: 01/04/2018 | O91: 01/01/2010 | P91: 5 | Q91: 0 | R91: 14 | S91: 6 | T91: 15 | U91: 6 | V91: SMA | X91: 1986 | AA91: Laboran Fisika dan Kebersihan | AB91: 2442757658200022 | AE91: 01/06/2024 | AF91: 2024 | AG91: - | AH91: - | AI91: - | AJ91: Islam | AK91: Jl. Lahor RT 04 RW 13 Desa Pesanggrahan Kota Batu | AL91: 4 | AM91: 13 | AN91: Pesanggrahan | AO91: Pesanggrahan | AP91: Batu | AQ91: 65313 | AR91: 085335680765 | AT91: 813.2/38/SK/422.203/2010 | AU91: 24 Februari 2010 | AV91: 01/01/2010 | AW91: 821.12/70/422.203/2011 | AX91: 1 Desember 2011 | AY91: 01/01/2012 | BA91: 823.2/189/204/2018 | BB91: 29 Januari 2018 | BC91: 01/04/2018 | BD91: Pemerintah Provinsi | BE91: =K91 -> II/c | BO91: 0402133473 | BP91: 3579012405660002 | BQ91: 085335680765 | BV91: =R91+1 -> 15 | BX91: =T91+1 -> 16
A92: 8 | B92: Rositha Chaironi | C92: Batu, 21-07-1971 | D92: P | F92: 1 | G92: 197107212010012001 | H92: 19710721 201001 2 001 | I92: PNS | J92: Pengatur, II/c | K92: II/c | L92: 01/04/2018 | O92: 01/01/2010 | P92: 5 | Q92: 0 | R92: 14 | S92: 6 | T92: 15 | U92: 6 | V92: SMA | X92: 1990 | AA92: Pengadministrasi Kepegawaian | AB92: 9053749651300043 | AE92: 01/08/2029 | AF92: 2029 | AG92: - | AH92: - | AI92: - | AJ92: Islam | AK92: Jl. Arjuno 30 RT.02 / RW. 08 Sisir Batu | AL92: 2 | AM92: 8 | AN92: Sisir | AO92: Sisir | AP92: Batu | AQ92: 65314 | AR92: 081251416617 | AT92: 813.2/61/SK/422.203/2010 | AU92: 24 Februari 2010 | AV92: 01/01/2010 | AW92: 821.12/70/422.203/2011 | AX92: 1 Desember 2011 | AY92: 01/01/2012 | BA92: 823.2/189/204/2018 | BB92: 29 Januari 2018 | BC92: 01/04/2018 | BD92: Pemerintah Provinsi | BE92: =K92 -> II/c | BO92: 0402141000 | BP92: 3579031610771004 | BQ92: 081251416617 | BV92: =R92+1 -> 15 | BX92: =T92+1 -> 16
A93: 9 | B93: Sulisno, A.Md | C93: Malang, 01-10-1979 | D93: L | E93: 1 | G93: 197901102014121001 | H93: 19790110 201412 1 001 | I93: PNS | J93: Pengatur Muda Tk. I, II/b | K93: II/b | L93: 01/03/2019 | O93: 01/12/2014 | P93: 12 | Q93: 5 | R93: 16 | S93: 9 | T93: 18 | U93: 0 | V93: D3 | X93: 2010 | AA93: Bendahara BPOPP | AB93: 6248759661200023 | AE93: 01/11/2037 | AF93: 2037 | AG93: - | AH93: - | AI93: - | AJ93: Islam | AK93: Dusun Pandan no. 12A RT.01 / RW. 09 Pandanrejo Bumiaji Batu | AL93: 1 | AM93: 9 | AN93: Pandanrejo | AO93: Pandanrejo | AP93: Bumiaji | AQ93: 65333 | AR93: 087859542133 | AT93: 813.2/02/SK/422.203/2015 | AU93: 30 Januari 2015 | AV93: 01/12/2014 | AW93: 821.2/07/SK/422.203/2016 | AX93: 18 Pebruari 2016 | AY93: 01/01/2016 | BA93: 823.2/1118/204/2019 | BB93: 19 April 2019 | BC93: 01/03/2019 | BD93: Pemerintah Provinsi | BE93: =K93 -> II/b | BO93: 0402217499 | BP93: 3579021001790006 | BQ93: 087859542133 | BV93: =R93+1 -> 17 | BX93: =T93+1 -> 19
A94: 10 | B94: Andrias Budi Widodo | C94: Malang, 16-09-1981 | D94: L | E94: 1 | G94: 198109162014121001 | H94: 19810916 201412 1 001 | I94: PNS | J94: Pengatur Muda Tk. I, II/b | K94: II/b | L94: 01/03/2019 | O94: 01/12/2014 | P94: 12 | Q94: 5 | R94: 16 | S94: 9 | T94: 17 | U94: 0 | V94: SMA | X94: 2000 | AA94: Operator Gaji, Operator Sibaku | AB94: 4856744647200032 | AE94: 01/10/2039 | AF94: 2039 | AG94: - | AH94: - | AI94: - | AJ94: Islam | AK94: Jl. Samadi No. 5 RT. 05 / RW. 09 Pandanrejo Bumiaji Batu | AL94: 5 | AM94: 9 | AN94: Pandanrejo | AO94: Pandanrejo | AP94: Bumiaji | AQ94: 65333 | AR94: 085646320665 | AT94: 813.2/02/SK/422.203/2015 | AU94: 30 Januari 2015 | AV94: 01/12/2014 | AW94: 821.2/07/SK/422.203/2016 | AX94: 18 Pebruari 2016 | AY94: 01/01/2016 | BA94: 823.2/1118/204/2019 | BB94: 19 April 2019 | BC94: 01/03/2019 | BD94: Pemerintah Provinsi | BE94: =K94 -> II/b | BO94: 0402000889 | BP94: 3579011609810003 | BQ94: 085646320665 | BV94: =R94+1 -> 17 | BX94: =T94+1 -> 18
A95: 11 | B95: Heri Kristiawan | C95: Malang, 10-11-1967 | D95: L | E95: 1 | G95: 196711102008011020 | H95: 19671110 200801 1 020 | I95: PNS | J95: Pengatur Muda Tk.I, II/b | K95: II/b | L95: 01/04/2020 | O95: 01/01/2008 | P95: 12 | Q95: 3 | R95: 12 | S95: 6 | T95: 12 | U95: 6 | V95: SMA | X95: 2002 | AA95: Tenaga Kebersihan/Pertamanan | AB95: 0442745650200013 | AE95: 01/12/2025 | AF95: 2025 | AG95: - | AH95: - | AI95: - | AJ95: Islam | AK95: Jl. Diran RT. 5 / RW. 2 Desa Sisir, Kec. Batu Kota Batu | AL95: 5 | AM95: 2 | AN95: Sisir | AO95: Sisir | AP95: Batu | AQ95: 65314 | AR95: 08989713781 | AT95: 813.1/020/SK/422.402/2009 | AU95: 22 April 2009 | AV95: 01/01/2008 | AW95: 821.17/038/SK/422.203/2010 | AX95: 27 Mei 2010 | AY95: 01/06/2010 | BA95: 823.2/1078/204/2020 | BB95: 6 Maret 2020 | BC95: 01/04/2020 | BD95: Pemerintah Provinsi | BE95: =K95 -> II/b | BO95: 0402140283 | BP95: 3579011011670003 | BQ95: 08989713781 | BV95: =R95+1 -> 13 | BX95: =T95+1 -> 13
A96: 12 | B96: Rindy Antika Sari | C96: Malang, 02-05-1988 | D96: P | F96: 1 | G96: - | H96: - | I96: NON PNS | J96: - | K96: - | O96: 01/12/2006 | T96: 13 | U96: 7 | V96: SMK | X96: 2006 | AA96: Pengadministrasi Persuratan | AB96: 1834766661300002 | AE96: - | AF96: - | AG96: - | AH96: - | AI96: - | AJ96: Islam | AK96: Jl. Panderman No. 65 RT. 08/RW. 06 Sisir Batu | AL96: 8 | AM96: 6 | AN96: Sisir | AO96: Sisir | AP96: Batu | AQ96: 65314 | AR96: 081249903049 | AV96: 01/12/2006 | BE96: =J96 -> - | BO96: 0402249528 | BP96: 3579014205880001 | BQ96: 081249903049 | BX96: =T96+1 -> 14
A97: 13 | B97: Soleh | C97: Malang, 04-12-1979 | D97: L | E97: 1 | G97: - | H97: - | I97: NON PNS | J97: - | K97: - | O97: 10/09/2007 | T97: 12 | U97: 10 | V97: SMA | X97: 2010 | AA97: Tenaga Kebersihan/Pertamanan | AB97: 5536757660200013 | AE97: - | AF97: - | AG97: - | AH97: - | AI97: - | AJ97: Islam | AK97: Jl. Utomorejo Gg. Tennes No. 6 RT. 02/RW. 03 Sisir Batu | AL97: 2 | AM97: 3 | AN97: Sisir | AO97: Sisir | AP97: Batu | AQ97: 65314 | AR97: 085784787643 | AV97: 10/09/2007 | BE97: =J97 -> - | BO97: 0402249277 | BP97: 3579010412790001 | BQ97: 085784787643 | BX97: =T97+1 -> 13
A98: 14 | B98: Hari Purnomo | C98: Malang, 12-12-1965 | D98: L | E98: 1 | G98: - | H98: - | I98: NON PNS | J98: - | K98: - | O98: 03/12/2007 | T98: 12 | U98: 7 | V98: STM | X98: 1984 | AA98: Tenaga Kebersihan/Pertamanan | AB98: 3544743645200023 | AE98: - | AF98: - | AG98: - | AH98: - | AI98: - | AJ98: Islam | AK98: Jl. Suropati RT. 05/RW.08 Pesanggrahan Batu | AL98: 5 | AM98: 8 | AN98: Pesanggrahan | AO98: Pesanggrahan | AP98: Batu | AQ98: 65313 | AR98: 082333533740 | AV98: 03/12/2007 | BE98: =J98 -> - | BO98: 0402249251 | BP98: 3579011212650008 | BQ98: 082333533740 | BX98: =T98+1 -> 13
A99: 15 | B99: Ngari | C99: Malang, 16-04-1973 | D99: L | E99: 1 | G99: - | H99: - | I99: NON PNS | J99: - | K99: - | O99: 06/02/2008 | T99: 12 | U99: 5 | V99: SMA | X99: 2007 | AA99: Petugas Keamanan/SATPAM | AB99: 7748751653200042 | AE99: - | AF99: - | AG99: - | AH99: - | AI99: - | AJ99: Islam | AK99: Jl. Imam Bonjol Gg. III/56 RT. 04/RW. 01 Sisir Batu | AL99: 4 | AM99: 1 | AN99: Sisir | AO99: Sisir | AP99: Batu | AQ99: 65314 | AR99: 085101797471 | AV99: 06/02/2008 | BE99: =J99 -> - | BO99: 0402249269 | BP99: 3579011604730002 | BQ99: 085101797471 | BX99: =T99+1 -> 13
A100: 16 | B100: Dedik Rubianto | C100: Malang, 09-12-1978 | D100: L | E100: 1 | G100: - | H100: - | I100: NON PNS | J100: - | K100: - | O100: 06/02/2008 | T100: 12 | U100: 5 | V100: SMA | X100: 1996 | AA100: Petugas Keamanan/SATPAM | AB100: 1541756668200003 | AE100: - | AF100: - | AG100: - | AH100: - | AI100: - | AJ100: Islam | AK100: Jl. Diponegoro VIII/15 RT. 07/RW. 05 Sisir Batu | AN100: Sisir | AO100: Sisir | AP100: Batu | AQ100: 65314 | AR100: 085785798887 | AV100: 06/02/2008 | BE100: =J100 -> - | BO100: 0402249200 | BP100: 3579010912780001 | BQ100: 085785798887 | BX100: =T100+1 -> 13
A101: 17 | B101: Sulis Setiasih | C101: Malang, 07-01-1990 | D101: P | F101: 1 | G101: - | H101: - | I101: NON PNS | J101: - | K101: - | O101: 21/07/2008 | T101: 12 | U101: 0 | V101: SMA | X101: 2008 | AA101: Pengadministrasi Sarpras | AB101: 5439768669300002 | AE101: - | AF101: - | AG101: - | AH101: - | AI101: - | AJ101: Islam | AK101: Jl. KH. Agus Salim Gg. II/3 RT. 03/RW. 01 Sisir Batu | AL101: 3 | AM101: 1 | AN101: Sisir | AO101: Sisir | AP101: Batu | AQ101: 65314 | AR101: 085755229973 | AV101: 21/07/2008 | BE101: =J101 -> - | BO101: 0402249609 | BP101: 3579014701900001 | BQ101: 085755229973 | BX101: =T101+1 -> 13
A102: 18 | B102: Siti Nurlatifah | C102: Tulungagung, 03-05-1990 | D102: P | F102: 1 | G102: - | H102: - | I102: NON PNS | J102: - | K102: - | O102: 24/07/2008 | T102: 12 | U102: 0 | V102: SMK | X102: 2008 | AA102: Pengadministrasi Perpustakaan | AB102: 4835768669300002 | AE102: - | AF102: - | AG102: - | AH102: - | AI102: - | AJ102: Islam | AK102: Jl. Dorowati 17A RT. 02/RW. 06 Sisir Batu | AL102: 2 | AM102: 6 | AN102: Sisir | AO102: Sisir | AP102: Batu | AQ102: 65314 | AR102: 081249001477 | AV102: 24/07/2008 | BE102: =J102 -> - | BO102: 0402248831 | BP102: 3579014305900007 | BQ102: 081249001477 | BX102: =T102+1 -> 13
...

Sheet DUK_GURU
A1: DAFTAR URUT KEPANGKATAN (DUK) TENAGA PENDIDIK SMAN 1 BATU
A2: PER OKTOBER 2026
A4: NO | B4: N A M A | C4: JENIS KEL. | D4: NIP | E4: MATPEL
E5: YANG DIAMPU
A6: 1 | B6: 2 | C6: 4 | D6: 5 | E6: 11
A7: 1 | B7: Anto Dwi Cahyono, S.Pd., M.M. | C7: L | D7: 19671023 199001 1 001 | E7: Kepala Sekolah
A8: =A7+1 -> 2 | B8: Drs. Hari Prasetyo | C8: L | D8: 19670523 199903 1 003 | E8: Penjaskes
A9: =A8+1 -> 3 | B9: Shinta Amalia, S.Pd. M. Pd. | C9: P | D9: 19681220 199412 2 002 | E9: Kimia
A10: =A9+1 -> 4 | B10: Abdul Khamid, S.Pd | C10: L | D10: 19690821 199403 1 005 | E10: PKn
A11: =A10+1 -> 5 | B11: Iwan Yudi Hernawan, S.Pd, M.Pd. | C11: L | D11: 19750406 200501 1 016 | E11: BK
A12: =A11+1 -> 6 | B12: Sennawati, S.Pd | C12: P | D12: 19680704 199803 2 006 | E12: B.Jerman
A13: =A12+1 -> 7 | B13: Anis Dyah Wahyuti, S.Pd | C13: P | D13: 19750517 200012 2 001 | E13: Fisika
A14: =A13+1 -> 8 | B14: Reny Widayanti, S.E. | C14: P | D14: 19721203 200604 2 005 | E14: Ekonomi
A15: =A14+1 -> 9 | B15: Umi Solikah, S.Pd. | C15: P | D15: 19710413 200604 2 023 | E15: Biologi
A16: =A15+1 -> 10 | B16: Hermawanto, S.Pd, M.Pd. | C16: L | D16: 19830219 200604 1 011 | E16: Fisika
A17: =A16+1 -> 11 | B17: Agustini Purwanti, S. Pd., M. Pd. | C17: P | D17: 19750815 200501 2 011 | E17: Fisika
A18: =A17+1 -> 12 | B18: Nita Rimayanti, S.Pd. | C18: P | D18: 19860728 200903 2 005 | E18: Ekonomi
A19: =A18+1 -> 13 | B19: Dewi Insyasiska, S. Pd., M. Pd. | C19: P | D19: 19780823 200604 2 029 | E19: Biologi
... A35: =A34+1 -> 29 | B35: Anas Bachtiar, S.Pd. | C35: L | D35: 19840716 200903 1 005 | E35: Penjaskes
A37: PPPK
A38: 1 | B38: Juhadi Ishak, S.Pd | C38: L | D38: 19790709 202221 1 012 | E38: PJOK
A39: 2 | B39: Ahmad Muhajir RH, S.Pd | C39: L | D39: 19820826 202221 1 011 | E39: PJOK
A40: 3 | B40: Suwil Roidah, S.Pd | C40: P | D40: 19840712 202221 2 044 | E40: Ekonomi
A41: 4 | B41: Mardiyah Putri Astuti, M.Pd. | C41: P | D41: 19900321 202221 2 012 | E41: B.Indonesia
A42: 5 | B42: Lailaus Naeni, S.S., S.Pd | C42: P | D42: 19900507 202221 2 016 | E42: B.Indonesia
A43: 6 | B43: Didik Eko Susanto, S. Psi. | C43: L | D43: 19760326 202221 1 003 | E43: BK
A44: 7 | B44: Moh. Irham Rozaki S. Kom. Gr. | C44: L | D44: 19891021 202221 1 017 | E44: Informatika
A45: 8 | B45: Widya Ningsih, S. Kom. | C45: P | D45: 19830912 202221 2 036 | E45: Informatika
A46: 9 | B46: Abdul Aziz S.Kom | C46: L | D46: 19940623 202221 1 006 | E46: Informatika
A47: 10 | B47: Aviv Ardhillah Risqa, S.Pd | C47: L | D47: 198912042023211016 | E47: Matematika
A48: 11 | B48: Amitha Mustika Dhamayanti, S .Pd. | C48: P | D48: 199202192023212039 | E48: Sejarah
A49: 12 | B49: Sri Nurhayani, S.Pd | C49: P | D49: 199208142023212042 | E49: B.Indonesia
... A57: 20 | B57: Ratih Sukmawati,S.Pd | C57: P | D57: 198008022024212014 | E57: Matematika
A58: PPKW
A59: 1 | B59: Ribkha Ayu Adiningtyas, M.Pd. | C59: P | D59: 199203222025212115 | E59: Sejarah
A60: 2 | B60: Panji Penatas, S.Pd. | C60: L | D60: 199006082025211127 | E60: Sejarah
A61: GTT
A62: 1 | B62: Restu Lenny Medikawati, S.Pd. | C62: P | D62: 20536817170896012005592 | E62: Bahasa Jawa
A63: 2 | B63: Elsa Firda Yustika, S. Pd. | C63: P | D63: 20536817251098012205590 | E63: Sosiologi
A64: 3 | B64: Damaola Via M, S. Pd. | C64: P | D64: 20536817140795012205587 | E64: Geografi
A65: 4 | B65: Sivira Anggriani, S. Pd. | C65: P | D65: 20536817150598072205594 | E65: Bahasa Jawa
A66: 5 | B66: Tias Maulidina W, S. Psi. | C66: P | D66: 20536817140797012205596 | E66: BK
A67: 6 | B67: Devi Astri Wardiningtyas, S.Pd. | C67: P | E67: Bahasa Inggris/Mandarin
A68: GURU NON INDUK
A69: 1 | B69: Ririn Budi Hartini, S. Ag | E69: Agama Hindu
A70: 2 | B70: Sisca Tri Hersa, S. Pd. | E70: Bahasa Mandarin

Sheet LABEL NAMA URUT 
A1: 1 | B1: Ritul Idha Djarwati,S.Pd., M.Pd.
A2: 2 | B2: Dra Nurhayati,S.H
A3: 3 | B3: Drs. Sugiardi, M.M.
A4: 4 | B4: Ririn Andriana, M.Pd.
A5: 5 | B5: Tri Sakti Andayani. M.Pd
A6: 6 | B6: Sri Wati, S.Pd, M.M.
A7: 7 | B7: Drs Awwaludin,M.Pd
A8: 8 | B8: Yudiono, S.Pd
A9: 9 | B9: Shinta Amalia, M.Pd
A10: 10 | B10: Dra. Mustaghfiroh
A11: 11 | B11: Abdul Khamid, S.Pd
A12: 12 | B12: Tatang Yuli Ahmadi, M.Pd
... A95: 95 | B95: Mochammad Efendi

Sheet data absen
A1: NO | B1: NAMA | C1: JABATAN | D1: STATUS KEPEGAWAIAN
A2: 1 | B2: Anto Dwi Cahyono, S.Pd., M.M. | C2: Guru | D2: ASN
A3: =A2+1 -> 2 | B3: Drs. Hari Prasetyo | C3: Guru | D3: ASN
A4: =A3+1 -> 3 | B4: Shinta Amalia, S.Pd. M. Pd. | C4: Guru | D4: ASN
A5: =A4+1 -> 4 | B5: Abdul Khamid, S.Pd | C5: Guru | D5: ASN
A6: =A5+1 -> 5 | B6: Iwan Yudi Hernawan, S.Pd, M.Pd. | C6: Guru | D6: ASN
A7: =A6+1 -> 6 | B7: Sennawati, S.Pd | C7: Guru | D7: ASN
A8: =A7+1 -> 7 | B8: Anis Dyah Wahyuti, S.Pd | C8: Guru | D8: ASN
A9: =A8+1 -> 8 | B9: Reny Widayanti, S.E. | C9: Guru | D9: ASN
A10: =A9+1 -> 9 | B10: Umi Solikah, S.Pd. | C10: Guru | D10: ASN
A11: =A10+1 -> 10 | B11: Hermawanto, S.Pd, M.Pd. | C11: Guru | D11: ASN
A12: =A11+1 -> 11 | B12: Agustini Purwanti, S. Pd., M. Pd. | C12: Guru | D12: ASN
A13: =A12+1 -> 12 | B13: Nita Rimayanti, S.Pd. | C13: Guru | D13: ASN
A14: =A13+1 -> 13 | B14: Dewi Insyasiska, S. Pd., M. Pd. | C14: Guru | D14: ASN
... A57: =A56+1 -> 56 | B57: Tias Maulidina W, S. Psi. | C57: Guru | D57: GTT
A58: =A90+1 -> 88 | B58: Devi Astri Wardiningtyas, S.Pd. | C58: Guru | D58: GTT
A59: =A58+1 -> 89 | B59: Ririn Budi Hartini, S. Ag | C59: Guru | D59: Guru DPK
A60: =A57+1 -> 57 | B60: Sisca Tri Hersa, S. Pd. | C60: Guru | D60: Guru DPK
A61: =A60+1 -> 58 | B61: Fera Irawati, S.Pd. | C61: Tenaga Kependidikan | D61: ASN
A62: =A61+1 -> 59 | B62: Hasdian Lestyarini, A.Md | C62: Tenaga Kependidikan | D62: ASN
A63: =A62+1 -> 60 | B63: Yanto, S.Mat. | C63: Tenaga Kependidikan | D63: ASN
A64: =A63+1 -> 61 | B64: Muhaimin, S.E. | C64: Tenaga Kependidikan | D64: ASN
A65: =A64+1 -> 62 | B65: Rositha Chaironi | C65: Tenaga Kependidikan | D65: ASN
A66: =A65+1 -> 63 | B66: Sulisno, A.Md | C66: Tenaga Kependidikan | D66: ASN
A67: =A66+1 -> 64 | B67: Andrias Budi Widodo | C67: Tenaga Kependidikan | D67: ASN
A68: =A67+1 -> 65 | B68: Aida Purwanti Cholifah, A.Md | C68: Laboran | D68: ASN
A69: =A68+1 -> 66 | B69: Mochammad Hadi Muslimin | C69: Tenaga Kependidikan | D69: ASN
A70: =A69+1 -> 67 | B70: Rindy Antika Sari | C70: Tenaga Kependidikan | D70: ASN
A71: =A70+1 -> 68 | B71: Soleh | C71: Tenaga Kependidikan | D71: ASN
A72: =A71+1 -> 69 | B72: Dedik Rubianto | C72: Tenaga Kependidikan | D72: ASN
... A90: =A89+1 -> 87 | B90: Tony Fitriyanto | C90: Outsourcing | D90: Satpam
A91: =A59+1 -> 90 | B91: Samsul Arifin | C91: Outsourcing | D91: Cleaning Service

Sheet REKAP TENDIK SMAN 1 BATU
A1: DAFTAR URUT KEPANGKATAN (DUK) TENAGA KEPENDIDIKAN SMAN 1 BATU
A2: PER 1 JULI 2024
A3: TENAGA PENDIDIK | B3: Jumlah | E3: KUALIFIKASI PENDIDIKAN
B4: Jenis Kelamin | D4: Jumlah
B5: Lk | C5: Pr | E5: S2 | F5: S1 | G5: D3 | H5: SMA | I5: SMK
A6: PNS | B6: 18 | C6: 24 | D6: 42 | E6: 16 | F6: 27 | H6: - | I6: -
A7: PPPK | B7: 9 | C7: 14 | D7: 23 | E7: 2 | F7: 21 | H7: - | I7: -
A8: GTT | B8: 1 | C8: 7 | D8: =SUM(B8:C8) -> 8 | E8: - | F8: 8 | H8: - | I8: -
A9: TENAGA KEPENDIDIKAN | B9: JUMLAH | D9: =SUM(D6:D8) -> 73
A10: PNS | B10: 6 | C10: 3 | D10: 9 | E10: - | F10: 4 | G10: 1 | H10: - | I10: -
A11: PTT | B11: 13 | C11: 4 | D11: 17 | E11: - | F11: - | H11: 11 | I11: 4
A12: OUSORSING | B12: 2 | C12: - | D12: 2 | E12: - | F12: - | H12: - | I12: -
B13: JUMLAH | D13: =SUM(D10:D12) -> 28
D14: =SUM(D9,D13) -> 101
E16: Batu 1 Juli 2024
E17: Kepala Sekolah,
E21: Ritul Idha Djarwati,S.Pd., M.Pd.
E22: NIP. 19650110 198803 2 011

Sheet Sheet3
A1: GTT | B1: NUPTK
A2: Diana Irawati,S.Pd | B2: 1242759663300000
A3: Defri Mustika Rani, M.Pd. | B3: 9760767668130182
A4: Ribkha Ayu Adiningtyas, M.Pd. | B4: 4654770671130102
A5: Amitha Mustika Damayanti, M .Pd. | B5: 0551770671130132
A6: Aviv Ardhillah Risqa, S.Pd | B6: 8536767668130183
A7: Yeni Tri Wulandari, S.Pd | B7: 4437761662230192
A8: Panji Penatas, S.Pd.
A9: GTT | B9: NO NUPTK
A10: Restu Lenny Medikawati, S.Pd.
A11: Latih Yusdiansah, S.Pd.
A12: Elsa Firda Yustika, S. Pd.
A13: Yolanda Via Susanti, S. Pd.
A14: Eka Hidayatul M, S. Pd. I
A15: M. Syamsu Hidayat, S. Pd.
A16: Damaola Via M, S. Pd.
A17: Sivira Anggriani, S. Pd.
A18: Tias Maulidina W, S. Psi.
A20: PTT | B20: NUPTK
A21: Rindy Antika Sari | B21: 1834766661300002
A22: Soleh | B22: 5536757660200013
A23: Hari Purnomo | B23: 3544743645200023
A24: Dedik Rubianto | B24: 1541756668200003
A25: Sulis Setiasih | B25: 5439768669300002
A26: Ngari | B26: 7748751653200042
A27: Siti Nurlatifah | B27: 4835768669300002
A28: Timbul Hariwibadi | B28: 3752754657110022
A29: Santo | B29: 3050751652130093
A30: Untung Supriono Basuki | B30: 3035758659130133
A31: Arif Afandi | B31: 3240754656200043
... A39: Mochammad Efendi | B39: 0833764665130242

Sheet Data_BUP
A1: DATA BATAS USIA PENSIUN (BUP)
A2: SMA NEGERI I BATU
A3: TAHUN 2019
A5: FUNGSIONAL
A6: NO | B6: N A M A | C6: JENIS KEL. | D6: NIP | E6: PANGKAT | G6: TEMPAT & TGL.LAHIR | H6: BUP | I6: USUL PENSIUN
E7: GOL | F7: TMT
A8: 1 | B8: =DATA!B8 -> Edy Parlindungan.S.Pd,M.M | C8: L | D8: =DATA!G8 -> 19630326 1989031007 | E8: =DATA!K8 -> IV/b | F8: =DATA!L8 -> 41365 | G8: =DATA!C8 -> Maga, 26 Maret 1963 | H8: =DATA!AE8 -> 45017
A9: 2 | B9: =DATA!B9 -> Ismi Yunaeni, S.Pd, M.Pd | C9: =DATA!D9 -> P | D9: =DATA!G9 -> 196106021985122002 | E9: =DATA!K9 -> IV/b | F9: =DATA!L9 -> 01/04/2011 | G9: =DATA!C9 -> Jember,02-06-1961 | H9: =DATA!AE9 -> 01/07/2021
A10: 3 | B10: =DATA!B10 -> Lilik Ismiati, M.Pd | C10: =DATA!D10 -> P | D10: =DATA!G10 -> 196307261987032007 | E10: =DATA!K10 -> IV/b | F10: =DATA!L10 -> 01/04/2014 | G10: =DATA!C10 -> Malang, 26-07-1963 | H10: =DATA!AE10 -> 01/08/2023
A11: 4 | B11: =DATA!B11 -> Dra. Nurhidayati, Sh, M.Pd. | C11: =DATA!D11 -> P | D11: =DATA!G11 -> 196509181988032007 | E11: =DATA!K11 -> IV/b | F11: =DATA!L11 -> 01/10/2013 | G11: =DATA!C11 -> Tulung Agung,18-9-1965 | H11: =DATA!AE11 -> 01/10/2025
A12: 5 | B12: =DATA!B12 -> Drs. Sugiardi, M.M. | C12: =DATA!D12 -> L | D12: =DATA!G12 -> 196406241995121002 | E12: =DATA!K12 -> IV/b | F12: =DATA!L12 -> 01/04/2019 | G12: =DATA!C12 -> Malang,24-06-1964 | H12: =DATA!AE12 -> 01/07/2024
A13: 6 | B13: =DATA!B13 -> Sri Wati, S.Pd, M.M. | C13: =DATA!D13 -> P | D13: =DATA!G13 -> 196404191984122005 | E13: =DATA!K13 -> IV/a | F13: =DATA!L13 -> 01/10/2005 | G13: =DATA!C13 -> Malang,19-04-1964 | H13: =DATA!AE13 -> 01/05/2024
A14: 7 | B14: =DATA!B14 -> Amantho, S.Pd | C14: =DATA!D14 -> L | D14: =DATA!G14 -> 196203151985111002 | E14: =DATA!K14 -> IV/a | F14: =DATA!L14 -> 01/04/2005 | G14: =DATA!C14 -> Banyuwangi, 15-03-1962 | H14: =DATA!AE14 -> 01/04/2022
A15: 8 | B15: =DATA!B15 -> Yayuk Harumiwati, S.Pd | C15: =DATA!D15 -> P | D15: =DATA!G15 -> 196111071985122002 | E15: =DATA!K15 -> IV/a | F15: =DATA!L15 -> 01/04/2006 | G15: =DATA!C15 -> Malang,07-11-1961 | H15: =DATA!AE15 -> 01/12/2021
A16: 9 | B16: =DATA!B16 -> Ninil Agus Triastuti, S.Pd | C16: =DATA!D16 -> P | D16: =DATA!G16 -> 196308111985122002 | E16: =DATA!K16 -> IV/a | F16: =DATA!L16 -> 01/04/2006 | G16: =DATA!C16 -> Malang,11-08-1963 | H16: =DATA!AE16 -> 01/09/2023
A17: 10 | B17: =DATA!B17 -> Dra. Amalia Ujinastiti | C17: =DATA!D17 -> P | D17: =DATA!G17 -> 196205291989032004 | E17: =DATA!K17 -> IV/a | F17: =DATA!L17 -> 01/04/2002 | G17: =DATA!C17 -> Yogyakarta, 29-5-1962 | H17: =DATA!AE17 -> 01/06/2022
A18: 11 | B18: =DATA!B18 -> Dra. Shofiyatuz Zahra | C18: =DATA!D18 -> P | D18: =DATA!G18 -> 196112121989022003 | E18: =DATA!K18 -> IV/a | F18: =DATA!L18 -> 01/04/2005 | G18: =DATA!C18 -> Nganjuk,12-12-1961 | H18: =DATA!AE18 -> 01/01/2022
A19: 12 | B19: =DATA!B19 -> Mudrikah Hayati, S.Pd | C19: =DATA!D19 -> P | D19: =DATA!G19 -> 196306221987032006 | E19: =DATA!K19 -> IV/a | F19: =DATA!L19 -> 01/04/2006 | G19: =DATA!C19 -> Blitar,22-06-1963 | H19: =DATA!AE19 -> 01/07/2023
A20: 13 | B20: =DATA!B20 -> Tri Sakti Andayani. M.Pd | C20: =DATA!D20 -> P | D20: =DATA!G20 -> 196508261988032015 | E20: =DATA!K20 -> IV/a | F20: =DATA!L20 -> 01/04/2005 | G20: =DATA!C20 -> Trenggalek,26-8-1965 | H20: =DATA!AE20 -> 01/09/2025
... A65: 59 | B65: =DATA!B65 -> Eko Prayudi, Lc | C65: =DATA!D65 -> L | D65: =DATA!G65 -> 197812092011011007 | E65: =DATA!K65 -> III/a | F65: =DATA!L65 -> 01/01/2013 | G65: =DATA!C65 -> Ponorogo, 09-12-1978 | H65: =DATA!AE65 -> 01/01/2039
A73: STRUKTURAL
A74: NO | B74: N A M A | C74: JENIS KEL. | D74: NIP | E74: PANGKAT | G74: TEMPAT & TGL.LAHIR | H74: BUP | I74: USUL PENSIUN
E75: GOL | F75: TMT
A76: 1 | B76: =DATA!B85 -> Fera Irawati, S.Pd. | C76: =DATA!D85 -> P | D76: =DATA!G85 -> 198102232005012006 | E76: =DATA!K85 -> III/d | F76: =DATA!L85 -> 01/10/2017 | G76: =DATA!C85 -> Malang, 23-02-1981 | H76: =DATA!AE85 -> 01/03/2039
A77: 2 | B77: =DATA!B86 -> Sri Mulyati, A.Md.Pd | C77: =DATA!D86 -> P | D77: =DATA!G86 -> 196409142008012004 | E77: =DATA!K86 -> III/a | F77: =DATA!L86 -> 01/10/2016 | G77: =DATA!C86 -> Malang, 14-09-1964 | H77: =DATA!AE86 -> 01/10/2022
A78: 3 | B78: =DATA!B87 -> Hasdian Lestyarini, A.Md | C78: =DATA!D87 -> P | D78: =DATA!G87 -> 196809142010012001 | E78: =DATA!K87 -> III/a | F78: =DATA!L87 -> 01/04/2018 | G78: =DATA!C87 -> Banyuwangi, 14-09-1968 | H78: =DATA!AE87 -> 01/10/2026
A79: 4 | B79: =DATA!B88 -> Yanto, S.Mat. | C79: =DATA!D88 -> L | D79: =DATA!G88 -> 198510302006041010 | E79: =DATA!K88 -> II/d | F79: =DATA!L88 -> 01/04/2018 | G79: =DATA!C88 -> Malang, 30-10-1985 | H79: =DATA!AE88 -> 01/11/2043
A80: 5 | B80: =DATA!B89 -> Mohamad Tamtowi, S.E. | C80: =DATA!D89 -> L | D80: =DATA!G89 -> 196609222010011001 | E80: =DATA!K89 -> II/c | F80: =DATA!L89 -> 01/04/2018 | G80: =DATA!C89 -> Malang, 22-09-1966 | H80: =DATA!AE89 -> 01/10/2024
A81: 6 | B81: =DATA!B90 -> Muhaimin, S.E. | C81: =DATA!D90 -> L | D81: =DATA!G90 -> 197810102009031002 | E81: =DATA!K90 -> II/c | F81: =DATA!L90 -> 01/04/2018 | G81: =DATA!C90 -> Malang, 10-10-1978 | H81: =DATA!AE90 -> 01/11/2036
A82: 7 | B82: =DATA!B91 -> Sholikhin | C82: =DATA!D91 -> L | D82: =DATA!G91 -> 196605242010011002 | E82: =DATA!K91 -> II/c | F82: =DATA!L91 -> 01/04/2018 | G82: =DATA!C91 -> Malang, 24-05-1966 | H82: =DATA!AE91 -> 01/06/2024
A83: 8 | B83: =DATA!B92 -> Rositha Chaironi | C83: =DATA!D92 -> P | D83: =DATA!G92 -> 197107212010012001 | E83: =DATA!K92 -> II/c | F83: =DATA!L92 -> 01/04/2018 | G83: =DATA!C92 -> Batu, 21-07-1971 | H83: =DATA!AE92 -> 01/08/2029
A84: 9 | B84: =DATA!B93 -> Sulisno, A.Md | C84: =DATA!D93 -> L | D84: =DATA!G93 -> 197901102014121001 | E84: =DATA!K93 -> II/b | F84: =DATA!L93 -> 01/03/2019 | G84: =DATA!C93 -> Malang, 01-10-1979 | H84: =DATA!AE93 -> 01/11/2037
A85: 10 | B85: =DATA!B94 -> Andrias Budi Widodo | C85: =DATA!D94 -> L | D85: =DATA!G94 -> 198109162014121001 | E85: =DATA!K94 -> II/b | F85: =DATA!L94 -> 01/03/2019 | G85: =DATA!C94 -> Malang, 16-09-1981 | H85: =DATA!AE94 -> 01/10/2039
A86: 11 | B86: =DATA!B95 -> Heri Kristiawan | C86: =DATA!D95 -> L | D86: =DATA!G95 -> 196711102008011020 | E86: =DATA!K95 -> II/b | F86: =DATA!L95 -> 01/04/2020 | G86: =DATA!C95 -> Malang, 10-11-1967 | H86: =DATA!AE95 -> 01/12/2025
G88: Batu, 1 Juli 2019
G89: Kasubag. Tata Usaha
G93: Edy Purwanto
G94: NIP. 19630413 108602 1 006
A95: DATA BATAS USIA PENSIUN (BUP)
A96: SMA NEGERI I BATU
A97: TAHUN 2020
A99: FUNGSIONAL
A100: NO | B100: N A M A | C100: JENIS KEL. | D100: NIP | E100: PANGKAT | G100: TEMPAT & TGL.LAHIR | H100: BUP | I100: USUL PENSIUN
E101: GOL | F101: TMT
A102: 1 | B102: Amantho, S.Pd | C102: L | D102: 196203151985111002 | E102: IV/a | F102: 01/04/2005 | G102: Banyuwangi, 15-03-1962 | H102: 01/04/2022
A103: 2 | B103: Dra. Amalia Ujinastiti | C103: P | D103: 196205291989032004 | E103: IV/a | F103: 01/04/2002 | G103: Yogyakarta, 29-5-1962 | H103: 01/06/2022
A104: 3 | B104: Drs. Sugeng Harianto | C104: L | D104: 196207311990031003 | E104: IV/a | F104: 01/04/2007 | G104: Malang, 31-7-1962 | H104: 01/08/2022
A105: 4 | B105: Drs. Mohammad Qodri | C105: L | D105: 196208101995121002 | E105: IV/a | F105: 01/10/2008 | G105: Malang,10-08-1962 | H105: 01/09/2022
A106: 5 | B106: Drs.Solikin, M.Pd.I | C106: L | D106: 196304112007011008 | E106: III/b | F106: 01/04/2012 | G106: Malang, 11-04-1963 | H106: 01/05/2023
A107: 6 | B107: Dra. Winda Khusmiati | C107: P | D107: 196305011997032002 | E107: IV/a | F107: 01/04/2013 | G107: Malang, 01-05-1963 | H107: 01/06/2023
A108: 7 | B108: Mudrikah Hayati, S.Pd | C108: P | D108: 196306221987032006 | E108: IV/a | F108: 01/04/2006 | G108: Blitar,22-06-1963 | H108: 01/07/2023
A109: 8 | B109: Lilik Ismiati, M.Pd | C109: P | D109: 196307261987032007 | E109: IV/b | F109: 01/04/2014 | G109: Malang, 26-07-1963 | H109: 01/08/2023
A110: 9 | B110: Ninil Agus Triastuti, S.Pd | C110: P | D110: 196308111985122002 | E110: IV/a | F110: 01/04/2006 | G110: Malang,11-08-1963 | H110: 01/09/2023
A111: 10 | B111: Drs. Bonari | C111: L | D111: 196310302007011004 | E111: III/b | F111: 01/04/2012 | G111: Blitar, 30-10-1963 | H111: 01/11/2023
A112: 11 | B112: Uum Willatifa, S.Pd. | C112: P | D112: 196310222007012006 | E112: III/b | F112: 01/04/2012 | G112: Malang, 22 Oktober 1963 | H112: 01/11/2023
A113: 12 | B113: Kuswanto, M.Pd.K | C113: L | D113: 196403102007011014 | E113: III/b | F113: 01/04/2012 | G113: Pati, 10 Maret 1964 | H113: 01/04/2024
... A154: 53 | B154: Any Novitasari, S.Pd. | C154: P | D154: 198611212010012014 | E154: III/b | F154: 01/01/2012 | G154: Kediri,21-11-1986 | H154: 01/12/2046
A156: STRUKTURAL
A157: NO | B157: N A M A | C157: JENIS KEL. | D157: NIP | E157: PANGKAT | G157: TEMPAT & TGL.LAHIR | H157: BUP | I157: USUL PENSIUN
E158: GOL | F158: TMT
A159: 1 | B159: Sri Mulyati, A.Md.Pd | C159: P | D159: 196409142008012004 | E159: III/a | F159: 01/10/2016 | G159: Malang, 14-09-1964 | H159: 01/10/2022
A160: 2 | B160: Sholikhin | C160: L | D160: 196605242010011002 | E160: II/c | F160: 01/04/2018 | G160: Malang, 24-05-1966 | H160: 01/06/2024
A161: 3 | B161: Mohamad Tamtowi, S.E. | C161: L | D161: 196609222010011001 | E161: II/c | F161: 01/04/2018 | G161: Malang, 22-09-1966 | H161: 01/10/2024
A162: 4 | B162: Heri Kristiawan | C162: L | D162: 196711102008011020 | E162: II/a | F162: 01/04/2016 | G162: Malang, 10-11-1967 | H162: 01/12/2025
A163: 5 | B163: Hasdian Lestyarini, A.Md | C163: P | D163: 196809142010012001 | E163: III/a | F163: 01/04/2018 | G163: Banyuwangi, 14-09-1968 | H163: 01/10/2026
A164: 6 | B164: Rositha Chaironi | C164: P | D164: 197107212010012001 | E164: II/c | F164: 01/04/2018 | G164: Batu, 21-07-1971 | H164: 01/08/2029
A165: 7 | B165: Muhaimin, S.E. | C165: L | D165: 197810102009031002 | E165: II/c | F165: 01/04/2018 | G165: Malang, 10-10-1978 | H165: 01/11/2036
A166: 8 | B166: Sulisno, A.Md | C166: L | D166: 197901102014121001 | E166: II/b | F166: 01/03/2019 | G166: Malang, 01-10-1979 | H166: 01/11/2037
A167: 9 | B167: Fera Irawati, S.Pd. | C167: P | D167: 198102232005012006 | E167: III/d | F167: 01/10/2017 | G167: Malang, 23-02-1981 | H167: 01/03/2039
A168: 10 | B168: Andrias Budi Widodo | C168: L | D168: 198109162014121001 | E168: II/b | F168: 01/03/2019 | G168: Malang, 16-09-1981 | H168: 01/10/2039
A169: 11 | B169: Yanto, S.Mat. | C169: L | D169: 198510302006041010 | E169: II/d | F169: 01/04/2018 | G169: Malang, 30-10-1985 | H169: 01/11/2043
B174: Mengetahui, | G174: Batu, 1 Juli 2020
B175: Kepala SMA Negeri 1 Batu | G175: Kasubag. Tata Usaha
B179: Drs. Pamor Patriawan, M.M | G179: Edy Purwanto
B180: NIP. 19611009 198803 1 006 | G180: NIP. 19630413 108602 1 006
A181: DATA BATAS USIA PENSIUN (BUP)
A182: SMA NEGERI I BATU
A183: TAHUN 2022
A185: FUNGSIONAL
A186: NO | B186: N A M A | C186: JENIS KEL. | D186: NIP | E186: PANGKAT | G186: TEMPAT & TGL.LAHIR | H186: BUP | I186: USUL PENSIUN
E187: GOL | F187: TMT
A188: 1 | B188: Drs. Puji | C188: L | D188: 19610216 198803 1 006 | E188: III/d | F188: 01/04/2011 | G188: Malang,16-02-1961 | H188: 01/03/2021
A189: 2 | B189: Ismi Yunaeni, S.Pd, M.Pd | C189: P | D189: 19610602 198512 2 002 | E189: IV/b | F189: 01/04/2011 | G189: Jember,02-06-1961 | H189: 01/07/2021
A190: 3 | B190: Drs.Pamor Patriawan, M.M. | C190: L | D190: 19611009 198803 1 006 | E190: IV/a | F190: 01/10/2000 | G190: Jakarta, 10-09-1961 | H190: 01/10/2021
A191: 4 | B191: Yayuk Harumiwati, S.Pd | C191: P | D191: 19611107 198512 2 002 | E191: IV/a | F191: 01/04/2006 | G191: Malang,07-11-1961 | H191: 01/12/2021
A192: 5 | B192: Dra. Shofiyatuz Zahra | C192: P | D192: 19611212 198902 2 003 | E192: IV/a | F192: 01/04/2005 | G192: Nganjuk,12-12-1961 | H192: 01/01/2022
A193: 6 | B193: Amantho, S.Pd | C193: L | D193: 19620315 198511 1 002 | E193: IV/a | F193: 01/04/2005 | G193: Banyuwangi, 15-03-1962 | H193: 01/04/2022
A194: 7 | B194: Dra. Amalia Ujinastiti | C194: P | D194: 19620529 198903 2 004 | E194: IV/a | F194: 01/04/2002 | G194: Yogyakarta, 29-5-1962 | H194: 01/06/2022
A195: 8 | B195: Drs. Sugeng Harianto | C195: L | D195: 19620731 199003 1 003 | E195: IV/a | F195: 01/04/2007 | G195: Malang, 31-7-1962 | H195: 01/08/2022
A196: 9 | B196: Drs. Mohammad Qodri | C196: L | D196: 19620810 199512 1 002 | E196: IV/a | F196: 01/10/2008 | G196: Malang,10-08-1962 | H196: 01/09/2022
A197: 10 | B197: Drs.Solikin, M.Pd.I | C197: L | D197: 19630411 200701 1 008 | E197: III/b | F197: 01/04/2012 | G197: Malang, 11-04-1963 | H197: 01/05/2023
A198: 11 | B198: Dra. Winda Khusmiati | C198: P | D198: 19630501 199703 2 002 | E198: IV/a | F198: 01/04/2013 | G198: Malang, 01-05-1963 | H198: 01/06/2023
A199: 12 | B199: Mudrikah Hayati, S.Pd | C199: P | D199: 19630622 198703 2 006 | E199: IV/a | F199: 01/04/2006 | G199: Blitar,22-06-1963 | H199: 01/07/2023
... A247: 60 | B247: Ardianto, S.Pd. | C247: L | D247: 19740708 201001 1 008 | E247: III/b | F247: 01/10/2016 | G247: Sidoarjo, 08-07-1974 | H247: 01/082034
A249: STRUKTURAL
A250: NO | B250: N A M A | C250: JENIS KEL. | D250: NIP | E250: PANGKAT | G250: TEMPAT & TGL.LAHIR | H250: BUP | I250: USUL PENSIUN
E251: GOL | F251: TMT
A252: 1 | B252: Edy Purwanto | C252: L | D252: 19630413 198602 1 006 | E252: III/b | F252: 01/04/2006 | G252: Malang, 13-04-1963 | H252: 01/05/2021
A253: 2 | B253: Triwahyuningsih | C253: P | D253: 19630430 199003 2 007 | E253: III/b | F253: 01/04/2011 | G253: Kediri, 30-04-1963 | H253: 01/05/2021
A254: 3 | B254: Sri Mulyati, A.Md.Pd | C254: P | D254: 19640914 200801 2 004 | E254: III/a | F254: 01/10/2016 | G254: Malang, 14-09-1964 | H254: 01/10/2022
...
